-- =====================================================
-- 进销存管理系统 v2.0 — 完整初始化数据
-- 生成日期：2026-04-28
-- =====================================================

USE `inventory`;

-- 1. 角色
INSERT INTO `sys_role` (`id`, `name`, `code`, `description`) VALUES
(1, '管理员',   'admin',    '系统管理员，拥有全部权限'),
(2, '仓管员',   'keeper',   '仓库管理员，负责出入库和盘点'),
(3, '销售员',   'salesman', '销售员，可创建出库单、查看库存');

-- 2. 用户（密码均为 123456，BCrypt 加密）
INSERT INTO `sys_user` (`id`, `username`, `password`, `real_name`, `phone`, `position`, `status`) VALUES
(1, 'admin',    '$2a$10$axBZkTrck/v/oRHY7J6wEetVDruwjfLXwi.oPYrt8GF1gcZ4OXRC2', '管理员',   '13800000001', '老板',     1),
(2, 'lin',      '$2a$10$axBZkTrck/v/oRHY7J6wEetVDruwjfLXwi.oPYrt8GF1gcZ4OXRC2', '老林',     '13800000002', '仓管员',  1),
(3, 'fang',     '$2a$10$axBZkTrck/v/oRHY7J6wEetVDruwjfLXwi.oPYrt8GF1gcZ4OXRC2', '小芳',     '13800000003', '销售员',  1),
(4, 'zhao',     '$2a$10$axBZkTrck/v/oRHY7J6wEetVDruwjfLXwi.oPYrt8GF1gcZ4OXRC2', '老赵',     '13800000004', '仓管员',  1);

-- 3. 用户角色关联
INSERT INTO `sys_user_role` (`user_id`, `role_id`) VALUES
(1, 1), (2, 2), (3, 3), (4, 2);

-- 4. 仓库
INSERT INTO `warehouse` (`id`, `code`, `name`, `contact`, `phone`, `address`, `status`) VALUES
(1, 'WH20260401001', '主仓库',   '林师傅', '13800138001', '广州市番禺区花卉基地A区', 1),
(2, 'WH20260401002', '二号仓库', '陈师傅', '13800138002', '广州市番禺区花卉基地B区', 1);

-- 5. 商品分类
INSERT INTO `product_category` (`id`, `name`, `parent_id`, `sort`) VALUES
(1,  '观叶植物', NULL, 1),
(2,  '开花植物', NULL, 2),
(3,  '多肉植物', NULL, 3),
(4,  '盆器花盆', NULL, 4),
(5,  '园艺资材', NULL, 5),
(6,  '大型绿植', 1, 1),
(7,  '桌面绿植', 1, 2),
(8,  '鲜花切花', 2, 1),
(9,  '盆栽花卉', 2, 2);

-- 6. 商品（48个）
INSERT INTO `product` (`id`, `code`, `name`, `category_id`, `spec`, `unit`, `purchase_price`, `sale_price`, `min_stock`, `max_stock`, `status`) VALUES
-- 观叶植物 1-6
(1,  'GD20260401001', '绿萝盆栽',   7, '20cm盆',   '盆',  8.00,  18.00, 50,  500, 1),
(2,  'GD20260401002', '龟背竹',     6, '30cm高',   '棵',  25.00, 55.00, 20,  200, 1),
(3,  'GD20260401003', '天堂鸟',     6, '1.2m高',   '棵',  60.00, 128.00,10,  100, 1),
(4,  'GD20260401004', '虎皮兰',     7, '40cm高',   '盆',  15.00, 35.00, 30,  300, 1),
(5,  'GD20260401005', '琴叶榕',     6, '1.0m高',   '棵',  45.00, 98.00, 10,  80,  1),
(6,  'GD20260401006', '橡皮树',     6, '80cm高',   '棵',  30.00, 68.00, 15,  100, 1),
-- 开花植物 7-12
(7,  'GD20260401007', '蝴蝶兰',     9, '双梗带花苞','盆', 35.00, 78.00, 20,  200, 1),
(8,  'GD20260401008', '玫瑰花束',   8, '红玫瑰20枝','束', 25.00, 68.00, 30,  200, 1),
(9,  'GD20260401009', '绣球花',     9, '蓝色5寸盆', '盆', 18.00, 45.00, 20,  150, 1),
(10, 'GD20260401010', '百合花束',   8, '多头10枝',  '束', 20.00, 55.00, 25,  180, 1),
(11, 'GD20260401011', '月季盆栽',   9, '5寸盆',     '盆', 15.00, 38.00, 30,  200, 1),
(12, 'GD20260401012', '栀子花',     9, '4寸盆',     '盆', 12.00, 30.00, 30,  200, 1),
-- 多肉植物 13-18
(13, 'GD20260401013', '多肉拼盘',   3, '混栽8cm',   '盆', 12.00, 28.00, 30,  300, 1),
(14, 'GD20260401014', '熊童子',     3, '5cm盆',     '盆',  6.00, 15.00, 50,  400, 1),
(15, 'GD20260401015', '玉露',       3, '4cm盆',     '盆',  5.00, 12.00, 50,  400, 1),
(16, 'GD20260401016', '生石花',     3, '3cm盆',     '盆',  4.00, 10.00, 80,  500, 1),
(17, 'GD20260401017', '法师',       3, '8cm盆',     '盆',  8.00, 18.00, 40,  300, 1),
(18, 'GD20260401018', '桃蛋',       3, '5cm盆',     '盆',  6.00, 15.00, 50,  400, 1),
-- 盆器 19-24
(19, 'GD20260401019', '陶瓷花盆',   4, '中号白色',  '个', 10.00, 25.00, 40,  300, 1),
(20, 'GD20260401020', '加仑盆',     4, '5加仑黑色', '个',  4.00, 10.00, 100, 800, 1),
(21, 'GD20260401021', '玻璃花瓶',   4, '高30cm透明','个', 15.00, 35.00, 20,  150, 1),
(22, 'GD20260401022', '红陶盆',     4, '小号10cm',  '个',  3.00,  8.00, 100, 800, 1),
(23, 'GD20260401023', '水泥花盆',   4, '简约12cm',  '个',  8.00, 20.00, 40,  300, 1),
(24, 'GD20260401024', '吊挂花盆',   4, '塑料20cm',  '个',  6.00, 15.00, 50,  400, 1),
-- 园艺资材 25-30
(25, 'GD20260401025', '营养土',     5, '5L装',      '袋',  6.00, 15.00, 100, 500, 1),
(26, 'GD20260401026', '缓释肥',     5, '500g装',    '袋',  8.00, 20.00, 50,  300, 1),
(27, 'GD20260401027', '园艺铲',     5, '不锈钢小号','把',  5.00, 12.00, 30,  200, 1),
(28, 'GD20260401028', '喷水壶',     5, '2L压力式',  '个', 12.00, 25.00, 20,  150, 1),
(29, 'GD20260401029', '泥炭土',     5, '10L装',     '袋', 10.00, 22.00, 60,  400, 1),
(30, 'GD20260401030', '珍珠岩',     5, '5L装',      '袋',  5.00, 12.00, 80,  500, 1),
-- 观叶植物补充 31-36
(31, 'GD20260401031', '绿萝柱',     6, '1.5m高',    '棵', 35.00, 75.00, 10,  60,  1),
(32, 'GD20260401032', '吊兰',       7, '垂盆30cm',  '盆', 10.00, 25.00, 40,  300, 1),
(33, 'GD20260401033', '文竹',       7, '20cm盆',    '盆', 12.00, 28.00, 30,  200, 1),
(34, 'GD20260401034', '富贵竹',     7, '60cm高',    '把',  8.00, 20.00, 50,  400, 1),
(35, 'GD20260401035', '茉莉花',     9, '4寸盆',     '盆', 10.00, 25.00, 30,  200, 1),
(36, 'GD20260401036', '康乃馨花束', 8, '20枝/束',   '束', 15.00, 45.00, 20,  150, 1),
-- 开花植物补充 37-42
(37, 'GD20260401037', '向日葵花束', 8, '5枝/束',    '束', 20.00, 50.00, 15,  100, 1),
(38, 'GD20260401038', '洋桔梗',     8, '10枝/束',   '束', 18.00, 48.00, 20,  120, 1),
(39, 'GD20260401039', '仙人掌',     3, '10cm高',    '棵',  5.00, 12.00, 60,  500, 1),
(40, 'GD20260401040', '蚯蚓粪',     5, '2L装',      '袋',  8.00, 18.00, 40,  300, 1),
(41, 'GD20260401041', '液体肥',     5, '500ml',     '瓶', 12.00, 28.00, 30,  200, 1),
(42, 'GD20260401042', '剪刀',       5, '大号',      '把', 15.00, 35.00, 20,  150, 1),
-- 补充 43-48
(43, 'GD20260401043', '手套',       5, '劳保',      '双',  3.00,  8.00, 100, 600, 1),
(44, 'GD20260401044', '浇水壶',     5, '1.5L',      '个',  8.00, 18.00, 30,  200, 1),
(45, 'GD20260401045', '标签牌',     5, '100个/包',  '包',  5.00, 12.00, 50,  300, 1),
(46, 'GD20260401046', '花瓶套装',   4, '三件套',    '套', 25.00, 58.00, 10,  80,  1),
(47, 'GD20260401047', '盆景盆',     4, '椭圆形30cm','个', 12.00, 28.00, 20,  150, 1),
(48, 'GD20260401048', '红陶盆中号', 4, '中号15cm',  '个',  5.00, 12.00, 80,  600, 1);

-- 7. 供应商
INSERT INTO `supplier` (`id`, `code`, `name`, `contact`, `phone`, `address`) VALUES
(1,  'SP20260301001', '广州绿植基地',     '王老板', '13900139001', '广州市荔湾区花卉市场A区'),
(2,  'SP20260301002', '佛山花卉园艺场',   '李场长', '13900139002', '佛山市顺德区陈村花卉世界'),
(3,  'SP20260301003', '顺德盆器厂',       '赵厂长', '13900139003', '佛山市顺德区北滘工业园'),
(4,  'SP20260301004', '昆明鲜花批发中心', '刘经理', '13900139004', '云南省昆明市斗南花卉市场'),
(5,  'SP20260301005', '多肉培育基地',     '陈师傅', '13900139005', '福建省漳州市多肉产业园'),
(6,  'SP20260301006', '福建花卉基地',     '陈总',   '13900139006', '福建省漳州市花卉交易中心'),
(7,  'SP20260301007', '云南斗南花市批发', '杨老板', '13900139007', '云南省昆明市斗南花卉市场'),
(8,  'SP20260301008', '山东多肉基地',     '刘总',   '13900139008', '山东省青州市多肉产业园'),
(9,  'SP20260301009', '浙江塑料制品厂',   '周厂长', '13900139009', '浙江省台州市塑料工业园区'),
(10, 'SP20260301010', '广州本地花农',     '黄师傅', '13900139010', '广州市芳村花卉市场B区');

-- 8. 客户
INSERT INTO `customer` (`id`, `code`, `name`, `contact`, `phone`, `address`) VALUES
(1,  'CT20260301001', '天河花店',           '张老板', '13600136001', '广州市天河区体育西路'),
(2,  'CT20260301002', '白云区绿植租赁公司',  '李总',   '13600136002', '广州市白云区白云大道'),
(3,  'CT20260301003', '园林景观工程公司',    '王经理', '13600136003', '广州市海珠区新港中路'),
(4,  'CT20260301004', '电商园艺旗舰店',      '陈运营', '13600136004', '广州市番禺区南村镇'),
(5,  'CT20260301005', '五星级酒店采购部',    '周主管', '13600136005', '广州市天河区珠江新城'),
(6,  'CT20260301006', '深圳花卉市场档口',    '吴老板', '13600136006', '深圳市福田区花卉世界'),
(7,  'CT20260301007', '东莞绿化工程公司',    '郑总',   '13600136007', '东莞市南城区科技路88号'),
(8,  'CT20260301008', '佛山花店连锁',       '林小姐', '13600136008', '佛山市禅城区季华路'),
(9,  'CT20260301009', '珠海酒店管理集团',    '何经理', '13600136009', '珠海市横琴新区金融岛'),
(10, 'CT20260301010', '社区团购平台',       '孙运营', '13600136010', '广州市海珠区新港中路');

-- 9. 系统配置
INSERT INTO `sys_config` (`config_key`, `config_value`, `remark`) VALUES
('purchase_order_prefix', 'PO', '入库单前缀'),
('sales_order_prefix', 'SO', '出库单前缀'),
('stocktake_order_prefix', 'ST', '盘点单前缀'),
('transfer_order_prefix', 'DB', '调拨单前缀'),
('alert_enabled', 'true', '安全库存预警开关');

-- 10. 初始库存
INSERT INTO `inventory` (`product_id`, `warehouse_id`, `batch_no`, `quantity`, `locked_qty`) VALUES
-- 主仓库存
(1,  1, 'B20260401', 350, 0), (1,  1, 'B20260301', 50,  0),
(2,  1, 'B20260401', 80,  0), (2,  1, 'B20260315', 30,  0),
(3,  1, 'B20260315', 30,  0),
(4,  1, 'B20260401', 280, 0),
(5,  1, 'B20260401', 60,  0),
(6,  1, 'B20260401', 80,  0),
(7,  1, 'B20260320', 60,  0),
(8,  1, 'B20260405', 100, 0),
(9,  1, 'B20260325', 50,  0),
(10, 1, 'B20260405', 80,  0),
(11, 1, 'B20260401', 150, 0),
(12, 1, 'B20260401', 120, 0),
(13, 1, 'B20260401', 150, 0),
(14, 1, 'B20260401', 200, 0),
(15, 1, 'B20260315', 200, 0),
(16, 1, 'B20260401', 400, 0),
(17, 1, 'B20260401', 200, 0),
(18, 1, 'B20260401', 300, 0),
(19, 1, 'B20260310', 120, 0),
(20, 1, 'B20260401', 400, 0),
(21, 1, 'B20260310', 10,  0),
(22, 1, 'B20260401', 600, 0),
(23, 1, 'B20260401', 200, 0),
(24, 1, 'B20260401', 300, 0),
(31, 1, 'B20260401', 40,  0),
(32, 1, 'B20260401', 200, 0),
(33, 1, 'B20260401', 150, 0),
(34, 1, 'B20260401', 300, 0),
(35, 1, 'B20260401', 150, 0),
(36, 1, 'B20260401', 100, 0),
(37, 1, 'B20260401', 80,  0),
(38, 1, 'B20260401', 90,  0),
(39, 1, 'B20260401', 400, 0),
(46, 1, 'B20260401', 50,  0),
(47, 1, 'B20260401', 100, 0),
-- 二号仓库存
(25, 2, 'B20260401', 300, 0),
(26, 2, 'B20260315', 150, 0),
(27, 2, 'B20260401', 100, 0),
(28, 2, 'B20260320', 80,  0),
(29, 2, 'B20260401', 300, 0),
(30, 2, 'B20260401', 400, 0),
(40, 2, 'B20260401', 200, 0),
(41, 2, 'B20260401', 150, 0),
(42, 2, 'B20260401', 100, 0),
(43, 2, 'B20260401', 500, 0),
(44, 2, 'B20260401', 150, 0),
(45, 2, 'B20260401', 200, 0),
(48, 2, 'B20260401', 400, 0);

-- 11. 采购入库单 45单
INSERT INTO `purchase_order` (`id`, `order_no`, `supplier_id`, `warehouse_id`, `total_amount`, `total_quantity`, `status`, `operator_id`, `order_date`, `remark`, `create_time`) VALUES
(1,  'PO20260315001', 1, 1, 6200.00, 280, 1, 2, '2026-03-15', '春季首批补货',        '2026-03-15 09:00:00'),
(2,  'PO20260318001', 2, 1, 4800.00, 160, 1, 2, '2026-03-18', '花卉采购',            '2026-03-18 10:00:00'),
(3,  'PO20260320001', 6, 2, 3500.00, 300, 1, 2, '2026-03-20', '福建花卉基地大批',     '2026-03-20 11:00:00'),
(4,  'PO20260322001', 7, 1, 5200.00, 180, 1, 2, '2026-03-22', '云南鲜花',            '2026-03-22 09:30:00'),
(5,  'PO20260325001', 8, 1, 3600.00, 500, 1, 2, '2026-03-25', '多肉大批',            '2026-03-25 14:00:00'),
(6,  'PO20260328001', 9, 2, 2400.00, 400, 1, 2, '2026-03-28', '盆器采购',            '2026-03-28 10:00:00'),
(7,  'PO20260330001',10, 2, 1800.00, 300, 1, 2, '2026-03-30', '本地花农供货',        '2026-03-30 08:00:00'),
(8,  'PO20260401001', 1, 1, 5600.00, 200, 1, 2, '2026-04-01', '月初绿植补货',        '2026-04-01 09:00:00'),
(9,  'PO20260402001', 2, 1, 3200.00, 120, 1, 2, '2026-04-02', '日常补货',            '2026-04-02 09:00:00'),
(10, 'PO20260403001', 3, 2, 1800.00, 80,  1, 2, '2026-04-03', '资材采购',            '2026-04-03 10:00:00'),
(11, 'PO20260404001', 6, 1, 4200.00, 160, 1, 2, '2026-04-04', '绿植补货',            '2026-04-04 09:30:00'),
(12, 'PO20260405001', 7, 1, 6500.00, 230, 1, 2, '2026-04-05', '鲜花采购',            '2026-04-05 11:00:00'),
(13, 'PO20260406001', 8, 1, 2800.00, 300, 1, 2, '2026-04-06', '多肉补货',            '2026-04-06 14:00:00'),
(14, 'PO20260407001', 9, 2, 3600.00, 140, 1, 2, '2026-04-07', '土肥采购',            '2026-04-07 08:00:00'),
(15, 'PO20260408001', 3, 1, 1900.00, 90,  1, 2, '2026-04-08', '盆器补货',            '2026-04-08 10:00:00'),
(16, 'PO20260409001', 1, 1, 5100.00, 180, 1, 2, '2026-04-09', '绿植补货',            '2026-04-09 09:00:00'),
(17, 'PO20260410001', 7, 1, 3800.00, 150, 1, 2, '2026-04-10', '鲜花采购',            '2026-04-10 10:30:00'),
(18, 'PO20260411001', 8, 2, 2200.00, 100, 1, 2, '2026-04-11', '多肉肥料采购',        '2026-04-11 13:00:00'),
(19, 'PO20260412001', 9, 1, 4500.00, 200, 1, 2, '2026-04-12', '盆器大批',            '2026-04-12 09:00:00'),
(20, 'PO20260413001', 2, 2, 1500.00, 60,  1, 2, '2026-04-13', '工具采购',            '2026-04-13 14:00:00'),
(21, 'PO20260414001', 1, 1, 6000.00, 240, 1, 2, '2026-04-14', '绿植大批',            '2026-04-14 08:30:00'),
(22, 'PO20260415001', 7, 1, 3500.00, 130, 1, 2, '2026-04-15', '应季鲜花',            '2026-04-15 10:00:00'),
(23, 'PO20260416001', 8, 1, 1800.00, 200, 1, 2, '2026-04-16', '多肉补货',            '2026-04-16 11:00:00'),
(24, 'PO20260417001', 3, 2, 2800.00, 110, 1, 2, '2026-04-17', '资材补货',            '2026-04-17 09:00:00'),
(25, 'PO20260418001', 2, 1, 4200.00, 170, 1, 2, '2026-04-18', '综合补货',            '2026-04-18 10:00:00'),
(26, 'PO20260419001', 6, 1, 3300.00, 140, 1, 2, '2026-04-19', '周末补货',            '2026-04-19 09:30:00'),
(27, 'PO20260420001', 7, 1, 4800.00, 190, 1, 2, '2026-04-20', '鲜花大批',            '2026-04-20 10:00:00'),
(28, 'PO20260421001', 10,2, 2000.00, 90,  1, 2, '2026-04-21', '土肥补货',            '2026-04-21 14:00:00'),
(29, 'PO20260422001', 9, 1, 1600.00, 70,  1, 2, '2026-04-22', '盆器补货',            '2026-04-22 09:00:00'),
(30, 'PO20260423001', 2, 1, 3800.00, 150, 1, 2, '2026-04-23', '工具绿植',            '2026-04-23 10:00:00'),
(31, 'PO20260424001', 1, 1, 2800.00, 110, 1, 2, '2026-04-24', '小批量补',            '2026-04-24 09:00:00'),
(32, 'PO20260425001', 7, 2, 3200.00, 120, 1, 2, '2026-04-25', '鲜花入二仓',          '2026-04-25 11:00:00'),
(33, 'PO20260426001', 8, 1, 5500.00, 220, 1, 2, '2026-04-26', '多肉大批',            '2026-04-26 10:00:00'),
(34, 'PO20260427001', 9, 1, 4000.00, 160, 1, 2, '2026-04-27', '盆器大批',            '2026-04-27 09:00:00'),
(35, 'PO20260428001', 1, 1, 3500.00, 130, 1, 2, '2026-04-28', '今日补货',            '2026-04-28 08:00:00'),
-- 草稿和已取消单据
(36, 'PO20260415002', 3, 1, 0.00,   0,  0, 2, '2026-04-15', '草稿待提交',          '2026-04-15 16:00:00'),
(37, 'PO20260410002', 4, 1, 1800.00, 60, 2, 2, '2026-04-10', '已取消',              '2026-04-10 15:00:00'),
(38, 'PO20260405002', 2, 1, 1200.00, 40, 2, 2, '2026-04-05', '已取消-供应商问题',   '2026-04-05 17:00:00');

-- 入库明细
INSERT INTO `purchase_order_item` (`order_id`, `product_id`, `quantity`, `unit_price`, `amount`, `batch_no`) VALUES
(1, 1, 200,  8.00,  1600.00, 'B20260315'), (1, 4, 80,  15.00, 1200.00, 'B20260315'),
(2, 7, 100, 35.00, 3500.00, 'B20260318'), (2, 9, 60,  18.00, 1080.00, 'B20260318'),
(3, 25, 200, 6.00, 1200.00, 'B20260320'), (3, 29, 100, 10.00, 1000.00, 'B20260320'),
(4, 8, 180, 25.00, 4500.00, 'B20260322'),
(5, 13, 250, 12.00, 3000.00,'B20260325'), (5, 14, 250, 6.00, 1500.00, 'B20260325'),
(6, 22, 200, 3.00, 600.00, 'B20260328'), (6, 48, 200, 5.00, 1000.00, 'B20260328'),
(7, 43, 300, 3.00, 900.00, 'B20260330'),
(8, 1, 200,  8.00, 1600.00, 'B20260401'),
(9, 2, 120, 25.00, 3000.00, 'B20260402'),
(10, 25, 80, 6.00, 480.00, 'B20260403'),
(11, 4, 160, 15.00, 2400.00, 'B20260404'),
(12, 8, 230, 25.00, 5750.00, 'B20260405'),
(13, 13, 300, 12.00, 3600.00,'B20260406'),
(14, 26, 140, 8.00, 1120.00, 'B20260407'),
(15, 19, 90, 10.00, 900.00, 'B20260408'),
(16, 3, 180, 60.00, 10800.00,'B20260409'),
(17, 7, 150, 35.00, 5250.00, 'B20260410'),
(18, 26, 100, 8.00, 800.00, 'B20260411'),
(19, 20, 200, 4.00, 800.00, 'B20260412'),
(20, 27, 60,  5.00, 300.00, 'B20260413'),
(21, 1, 240,  8.00, 1920.00, 'B20260414'),
(22, 9, 130, 18.00, 2340.00, 'B20260415'),
(23, 14, 200, 6.00, 1200.00, 'B20260416'),
(24, 28, 110, 12.00, 1320.00, 'B20260417'),
(25, 4, 170, 15.00, 2550.00, 'B20260418'),
(26, 2, 140, 25.00, 3500.00, 'B20260419'),
(27, 10, 190, 20.00, 3800.00, 'B20260420'),
(28, 25, 90,  6.00, 540.00, 'B20260421'),
(29, 21, 70,  15.00, 1050.00, 'B20260422'),
(30, 15, 150, 5.00, 750.00, 'B20260423'),
(31, 1, 110,  8.00, 880.00, 'B20260424'),
(32, 8, 120, 25.00, 3000.00, 'B20260425'),
(33, 13, 220, 12.00, 2640.00,'B20260426'),
(34, 20, 160, 4.00, 640.00, 'B20260427'),
(35, 4, 130, 15.00, 1950.00, 'B20260428'),
(37, 19, 60,  10.00, 600.00, 'B20260410'),
(38, 25, 40,  6.00, 240.00, 'B20260405');

-- 12. 销售出库单 40单
INSERT INTO `sales_order` (`id`, `order_no`, `customer_id`, `warehouse_id`, `total_amount`, `total_quantity`, `salesman`, `status`, `operator_id`, `order_date`, `remark`, `create_time`) VALUES
(1,  'SO20260316001', 1, 1, 1800.00,  60,  '小芳', 1, 3, '2026-03-16', '花店日常采购',   '2026-03-16 10:00:00'),
(2,  'SO20260319001', 2, 1, 3500.00,  90,  '小芳', 1, 3, '2026-03-19', '租赁公司',       '2026-03-19 14:00:00'),
(3,  'SO20260321001', 6, 2, 2800.00, 200,  '小芳', 1, 3, '2026-03-21', '深圳档口',       '2026-03-21 09:00:00'),
(4,  'SO20260323001', 7, 1, 4200.00, 120,  '小芳', 1, 3, '2026-03-23', '东莞工程',       '2026-03-23 10:30:00'),
(5,  'SO20260326001', 8, 1, 5000.00, 180,  '小芳', 1, 3, '2026-03-26', '佛山连锁',       '2026-03-26 11:00:00'),
(6,  'SO20260329001', 9, 2, 3600.00, 100,  '小芳', 1, 3, '2026-03-29', '珠海酒店',       '2026-03-29 15:00:00'),
(7,  'SO20260331001', 10,1, 2200.00,  80,  '小芳', 1, 3, '2026-03-31', '社区团购',       '2026-03-31 10:00:00'),
(8,  'SO20260401001', 1, 1, 2500.00,  80,  '小芳', 1, 3, '2026-04-01', '花店采购',       '2026-04-01 10:00:00'),
(9,  'SO20260402001', 2, 1, 4200.00, 110,  '小芳', 1, 3, '2026-04-02', '租赁公司',       '2026-04-02 14:00:00'),
(10, 'SO20260403001', 3, 1, 1800.00,  50,  '小芳', 1, 3, '2026-04-03', '工程公司',       '2026-04-03 09:00:00'),
(11, 'SO20260404001', 4, 1, 5600.00, 200,  '小芳', 1, 3, '2026-04-04', '电商大单',       '2026-04-04 10:30:00'),
(12, 'SO20260405001', 5, 1, 3200.00,  90,  '小芳', 1, 3, '2026-04-05', '酒店采购',       '2026-04-05 15:00:00'),
(13, 'SO20260406001', 1, 2, 1500.00,  60,  '小芳', 1, 3, '2026-04-06', '花店补货',       '2026-04-06 11:00:00'),
(14, 'SO20260407001', 2, 1, 3800.00, 120,  '小芳', 1, 3, '2026-04-07', '绿植租摆',       '2026-04-07 09:00:00'),
(15, 'SO20260408001', 3, 2, 2100.00,  70,  '小芳', 1, 3, '2026-04-08', '工程用苗',       '2026-04-08 14:00:00'),
(16, 'SO20260409001', 4, 1, 4800.00, 150,  '小芳', 1, 3, '2026-04-09', '电商大促',       '2026-04-09 10:00:00'),
(17, 'SO20260410001', 5, 1, 2800.00,  80,  '小芳', 1, 3, '2026-04-10', '酒店装饰',       '2026-04-10 13:00:00'),
(18, 'SO20260411001', 6, 1, 1900.00,  55,  '小芳', 1, 3, '2026-04-11', '深圳小单',       '2026-04-11 10:00:00'),
(19, 'SO20260412001', 7, 1, 5100.00, 160,  '小芳', 1, 3, '2026-04-12', '东莞工程',       '2026-04-12 09:30:00'),
(20, 'SO20260413001', 8, 2, 1200.00,  40,  '小芳', 1, 3, '2026-04-13', '佛山小单',       '2026-04-13 14:00:00'),
(21, 'SO20260414001', 9, 1, 6200.00, 210,  '小芳', 1, 3, '2026-04-14', '珠海批量',       '2026-04-14 11:00:00'),
(22, 'SO20260415001', 10,1, 3500.00, 100,  '小芳', 1, 3, '2026-04-15', '团购大单',       '2026-04-15 10:00:00'),
(23, 'SO20260416001', 1, 2, 800.00,   30,  '小芳', 1, 3, '2026-04-16', '花店小单',       '2026-04-16 15:00:00'),
(24, 'SO20260417001', 2, 1, 4400.00, 130,  '小芳', 1, 3, '2026-04-17', '租赁更换',       '2026-04-17 09:00:00'),
(25, 'SO20260418001', 3, 1, 2600.00,  75,  '小芳', 1, 3, '2026-04-18', '工程补苗',       '2026-04-18 10:30:00'),
(26, 'SO20260419001', 4, 1, 5200.00, 180,  '小芳', 1, 3, '2026-04-19', '周末大促',       '2026-04-19 11:00:00'),
(27, 'SO20260420001', 5, 1, 1800.00,  50,  '小芳', 1, 3, '2026-04-20', '酒店小批',       '2026-04-20 14:00:00'),
(28, 'SO20260421001', 6, 1, 2200.00,  70,  '小芳', 1, 3, '2026-04-21', '深圳补货',       '2026-04-21 10:00:00'),
(29, 'SO20260422001', 7, 2, 3000.00,  90,  '小芳', 1, 3, '2026-04-22', '东莞工程',       '2026-04-22 09:00:00'),
(30, 'SO20260423001', 8, 1, 1600.00,  45,  '小芳', 1, 3, '2026-04-23', '佛山花店',       '2026-04-23 14:00:00'),
(31, 'SO20260424001', 9, 1, 4800.00, 160,  '小芳', 1, 3, '2026-04-24', '珠海酒店',       '2026-04-24 10:00:00'),
(32, 'SO20260425001', 10,2, 1200.00,  35,  '小芳', 1, 3, '2026-04-25', '团购',           '2026-04-25 15:00:00'),
(33, 'SO20260426001', 1, 1, 2800.00,  85,  '小芳', 1, 3, '2026-04-26', '花店周末',       '2026-04-26 10:00:00'),
(34, 'SO20260427001', 2, 1, 4000.00, 120,  '小芳', 1, 3, '2026-04-27', '租赁大批',       '2026-04-27 09:00:00'),
(35, 'SO20260428001', 3, 1, 2000.00,  60,  '小芳', 1, 3, '2026-04-28', '今日出库',       '2026-04-28 08:30:00'),
-- 草稿和已取消
(36, 'SO20260420002', 4, 1, 0.00,    0,  '小芳', 0, 3, '2026-04-20', '草稿待提交',     '2026-04-20 16:00:00'),
(37, 'SO20260412002', 5, 1, 1500.00, 40,  '小芳', 2, 3, '2026-04-12', '已取消',         '2026-04-12 17:00:00');

-- 出库明细
INSERT INTO `sales_order_item` (`order_id`, `product_id`, `quantity`, `unit_price`, `amount`) VALUES
(1, 1, 60,  18.00, 1080.00), (2, 5, 90,  98.00, 8820.00),
(3, 25, 200, 15.00, 3000.00), (4, 8, 120, 68.00, 8160.00),
(5, 13, 180, 28.00, 5040.00), (6, 25, 100, 15.00, 1500.00),
(7, 14, 80,  15.00, 1200.00), (8, 1, 80,  18.00, 1440.00),
(9, 2, 110, 55.00, 6050.00), (10, 4, 50,  35.00, 1750.00),
(11, 13, 200, 28.00, 5600.00), (12, 8, 90,  68.00, 6120.00),
(13, 25, 60,  15.00, 900.00), (14, 3, 120, 128.00, 15360.00),
(15, 27, 70,  12.00, 840.00), (16, 1, 150, 18.00, 2700.00),
(17, 7, 80,  78.00, 6240.00), (18, 14, 55, 15.00, 825.00),
(19, 2, 160, 55.00, 8800.00), (20, 28, 40, 25.00, 1000.00),
(21, 8, 210, 68.00, 14280.00), (22, 9, 100, 45.00, 4500.00),
(23, 26, 30,  20.00, 600.00), (24, 4, 130, 35.00, 4550.00),
(25, 19, 75,  25.00, 1875.00), (26, 13, 180, 28.00, 5040.00),
(27, 20, 50,  10.00, 500.00), (28, 1, 70,  18.00, 1260.00),
(29, 25, 90,  15.00, 1350.00), (30, 15, 45, 12.00, 540.00),
(31, 8, 160, 68.00, 10880.00), (32, 14, 35, 15.00, 525.00),
(33, 2, 85,  55.00, 4675.00), (34, 4, 120, 35.00, 4200.00),
(35, 1, 60,  18.00, 1080.00), (37, 19, 40, 25.00, 1000.00);

-- 13. 调拨单
INSERT INTO `inventory_transfer` (`id`, `order_no`, `from_warehouse_id`, `to_warehouse_id`, `total_quantity`, `status`, `operator_id`, `remark`, `create_time`) VALUES
(1, 'DB20260401001', 1, 2, 150, 1, 2, '调拨营养土到二号仓', '2026-04-01 10:00:00'),
(2, 'DB20260405001', 2, 1, 80,  1, 2, '调拨工具到主仓库',   '2026-04-05 14:00:00'),
(3, 'DB20260410001', 1, 2, 200, 1, 2, '调拨盆器到二号仓',   '2026-04-10 09:00:00'),
(4, 'DB20260415001', 2, 1, 50,  1, 2, '调回部分资材',       '2026-04-15 11:00:00'),
(5, 'DB20260420001', 1, 2, 100, 1, 2, '补二仓库存',         '2026-04-20 16:00:00'),
(6, 'DB20260425001', 2, 1, 60,  0, 2, '草稿调拨单',         '2026-04-25 10:00:00');

INSERT INTO `inventory_transfer_item` (`transfer_id`, `product_id`, `quantity`, `batch_no`) VALUES
(1, 25, 150, 'B20260401'), (2, 27, 50, 'B20260401'), (2, 28, 30, 'B20260320'),
(3, 20, 200, 'B20260401'), (4, 29, 50, 'B20260320'), (5, 26, 100, 'B20260315'),
(6, 25, 60,  'B20260401');

-- 14. 盘点单
INSERT INTO `stock_take` (`id`, `order_no`, `warehouse_id`, `take_type`, `total_items`, `diff_items`, `status`, `operator_id`, `approver_id`, `remark`, `create_time`) VALUES
(1, 'ST20260320001', 1, 0, 5,  1, 2, 2, 1, '全盘主仓库',   '2026-03-20 09:00:00'),
(2, 'ST20260401001', 1, 1, 3,  0, 2, 2, 1, '抽盘A区',     '2026-04-01 10:00:00'),
(3, 'ST20260410001', 2, 0, 4,  2, 2, 2, 1, '全盘二号仓',   '2026-04-10 14:00:00'),
(4, 'ST20260420001', 1, 1, 2,  0, 1, 2, 0, '抽盘开花区',   '2026-04-20 16:00:00'),
(5, 'ST20260425001', 1, 0, 3,  1, 0, 2, 0, '全盘待审核',   '2026-04-25 10:00:00');

INSERT INTO `stock_take_item` (`stock_take_id`, `product_id`, `batch_no`, `book_qty`, `actual_qty`, `diff_qty`, `diff_reason`) VALUES
(1, 1,  'B20260401', 350, 348, -2, '损耗'),
(1, 2,  'B20260401', 80,  80,  0,  NULL),
(1, 3,  'B20260315', 30,  28,  -2, '损耗'),
(1, 4,  'B20260401', 280, 285, 5,  '盘点溢余'),
(1, 7,  'B20260320', 60,  60,  0,  NULL),
(2, 1,  'B20260401', 348, 348, 0,  NULL),
(2, 2,  'B20260401', 80,  80,  0,  NULL),
(2, 4,  'B20260401', 285, 285, 0,  NULL),
(3, 25, 'B20260401', 300, 290, -10, '搬运损耗'),
(3, 26, 'B20260315', 150, 150, 0,   NULL),
(3, 27, 'B20260401', 100, 95,  -5,  '损坏'),
(3, 28, 'B20260320', 80,  78,  -2,  '损耗'),
(4, 7,  'B20260320', 40,  40,  0,   NULL),
(4, 9,  'B20260325', 50,  50,  0,   NULL),
(5, 1,  'B20260401', 290, 285, -5,  '待核实'),
(5, 4,  'B20260401', 300, 310, 10,  '待核实'),
(5, 8,  'B20260405', 100, 95,  -5,  '待核实');

-- 15. 库存流水
INSERT INTO `inventory_log` (`product_id`, `warehouse_id`, `change_type`, `change_qty`, `before_qty`, `after_qty`, `ref_order_no`, `operator_id`, `remark`, `create_time`)
SELECT item.product_id, po.warehouse_id, 'PURCHASE_IN', item.quantity, 0, item.quantity, po.order_no, po.operator_id, '采购入库', po.create_time
FROM purchase_order_item item JOIN purchase_order po ON po.id = item.order_id WHERE po.status = 1;
