-- =====================================================
-- 进销存管理系统 — 完整测试数据（v2.2 适配审批流+仓库分级）
-- 覆盖全部 17 张表，数据跨度 30 天，适配仪表盘 + 统计图+审批流测试
-- 导入方式：mysql -u root -p inventory < sql/03-test-data.sql
-- 注意：会先清空所有业务表数据，请确认后再执行
-- =====================================================

USE `inventory`;

SET FOREIGN_KEY_CHECKS = 0;

-- 清空所有业务表（按依赖顺序）
TRUNCATE TABLE `inventory_transfer_item`;
TRUNCATE TABLE `inventory_transfer`;
TRUNCATE TABLE `stock_take_item`;
TRUNCATE TABLE `stock_take`;
TRUNCATE TABLE `stock_adjustment`;
TRUNCATE TABLE `sales_order_item`;
TRUNCATE TABLE `sales_order`;
TRUNCATE TABLE `purchase_order_item`;
TRUNCATE TABLE `purchase_order`;
TRUNCATE TABLE `inventory_log`;
TRUNCATE TABLE `inventory`;
TRUNCATE TABLE `warehouse_location`;
TRUNCATE TABLE `product`;
TRUNCATE TABLE `product_category`;
TRUNCATE TABLE `customer`;
TRUNCATE TABLE `supplier`;
TRUNCATE TABLE `warehouse`;
TRUNCATE TABLE `sys_operation_log`;
TRUNCATE TABLE `sys_config`;
TRUNCATE TABLE `sys_user`;

SET FOREIGN_KEY_CHECKS = 1;

-- =====================================================
-- 1. 系统用户（密码均为 123456）
-- =====================================================
INSERT INTO `sys_user` (`id`, `username`, `password`, `real_name`, `phone`, `position`, `role`, `status`) VALUES
(1, 'admin',     '$2b$10$vRtfTD91dPMlYs6/5bhNFuT/iuFZOmLJlcaBP.3a/KgncaQ7jK0Vy', '系统管理员', '13800000001', NULL,      1, 1),
(2, 'warehouse', '$2b$10$vRtfTD91dPMlYs6/5bhNFuT/iuFZOmLJlcaBP.3a/KgncaQ7jK0Vy', '张仓管',    '13800000002', '仓管员',  2, 1),
(3, 'sales',     '$2b$10$vRtfTD91dPMlYs6/5bhNFuT/iuFZOmLJlcaBP.3a/KgncaQ7jK0Vy', '李销售',    '13800000003', '销售员',  2, 1),
(4, 'buyer',     '$2b$10$vRtfTD91dPMlYs6/5bhNFuT/iuFZOmLJlcaBP.3a/KgncaQ7jK0Vy', '王采购',    '13800000004', '采购员',  2, 1);

-- =====================================================
-- 2. 系统配置
-- =====================================================
INSERT INTO `sys_config` (`config_key`, `config_value`, `remark`) VALUES
('purchase_order_prefix', 'PO',    '入库单前缀'),
('sales_order_prefix',    'SO',    '出库单前缀'),
('stocktake_order_prefix','CK',    '盘点单前缀'),
('transfer_order_prefix', 'DB',    '调拨单前缀'),
('alert_enabled',         'true',  '安全库存预警开关'),
('company_name',          '绿野仙踪园艺店', '公司名称');

-- =====================================================
-- 3. 商品分类（树形结构）
-- =====================================================
INSERT INTO `product_category` (`id`, `name`, `parent_id`, `sort`, `status`) VALUES
-- 一级分类
(1,  '绿植花卉',   NULL, 1, 1),
(2,  '种子种苗',   NULL, 2, 1),
(3,  '肥料营养',   NULL, 3, 1),
(4,  '园艺工具',   NULL, 4, 1),
(5,  '花盆花器',   NULL, 5, 1),
-- 二级分类
(6,  '观叶植物',   1,   1, 1),
(7,  '观花植物',   1,   2, 1),
(8,  '多肉植物',   1,   3, 1),
(9,  '蔬菜种子',   2,   1, 1),
(10, '花卉种子',   2,   2, 1),
(11, '有机肥',     3,   1, 1),
(12, '复合肥',     3,   2, 1),
(13, '液体肥',     3,   3, 1),
(14, '铲剪工具',   4,   1, 1),
(15, '浇灌设备',   4,   2, 1);

-- =====================================================
-- 4. 商品（20 种，涵盖各分类）
-- =====================================================
INSERT INTO `product` (`id`, `code`, `name`, `category_id`, `spec`, `unit`, `purchase_price`, `sale_price`, `min_stock`, `max_stock`, `status`) VALUES
(1,  'P202601001', '绿萝盆栽',       6,  '中号/30cm',     '盆',  15.00,  35.00,  20,  500,  1),
(2,  'P202601002', '发财树',         6,  '大号/1.2m',     '棵',  45.00,  120.00, 5,   100,  1),
(3,  'P202601003', '蝴蝶兰',         7,  '3花箭/盆',      '盆',  30.00,  80.00,  10,  200,  1),
(4,  'P202601004', '月季花苗',       7,  '2年苗/盆',      '盆',  8.00,   20.00,  30,  600,  1),
(5,  'P202601005', '多肉拼盘',       8,  '6头/陶瓷盆',    '盆',  12.00,  30.00,  20,  400,  1),
(6,  'P202601006', '仙人球',         8,  '单头/8cm',      '个',  3.00,   8.00,   50,  1000, 1),
(7,  'P202601007', '番茄种子',       9,  '50粒/包',       '包',  2.00,   5.00,   100, 2000, 1),
(8,  'P202601008', '黄瓜种子',       9,  '30粒/包',       '包',  2.50,   6.00,   80,  1500, 1),
(9,  'P202601009', '向日葵种子',     10, '20粒/包',       '包',  1.50,   4.00,   60,  1200, 1),
(10, 'P202601010', '矮牵牛种子',     10, '100粒/包',      '包',  3.00,   8.00,   50,  800,  1),
(11, 'P202601011', '有机营养土',     11, '5kg/袋',        '袋',  8.00,   18.00,  30,  500,  1),
(12, 'P202601012', '鸡粪有机肥',     11, '2kg/袋',        '袋',  5.00,   12.00,  40,  600,  1),
(13, 'P202601013', '氮磷钾复合肥',   12, '500g/袋',       '袋',  6.00,   15.00,  25,  400,  1),
(14, 'P202601014', '磷酸二氢钾',     12, '200g/袋',       '袋',  4.00,   10.00,  30,  500,  1),
(15, 'P202601015', '营养液',         13, '500ml/瓶',      '瓶',  10.00,  25.00,  15,  300,  1),
(16, 'P202601016', '生根粉',         13, '100g/袋',       '袋',  3.00,   8.00,   40,  500,  1),
(17, 'P202601017', '园艺铲',         14, '中号不锈钢',    '把',  8.00,   20.00,  10,  200,  1),
(18, 'P202601018', '修枝剪',         14, '大号SK5钢',     '把',  15.00,  35.00,  8,   150,  1),
(19, 'P202601019', '浇水壶',         15, '2L/塑料',       '个',  6.00,   15.00,  10,  200,  1),
(20, 'P202601020', '喷雾器',         15, '1L/手持',       '个',  12.00,  28.00,  5,   100,  1);

-- =====================================================
-- 5. 仓库（6 个，1-3 级为虚拟节点，4 级为实际仓库）
-- =====================================================
INSERT INTO `warehouse` (`id`, `code`, `name`, `level`, `parent_id`, `contact`, `phone`, `address`, `status`) VALUES
(4, 'WH001', '上海仓储中心', 1, NULL,   NULL,   NULL,   NULL,                             1),
(5, 'WH002', '浦东区域',     2, 4,      NULL,   NULL,   NULL,                             1),
(6, 'WH003', '浦西区域',     2, 4,      NULL,   NULL,   NULL,                             1),
(1, 'WH101', '主仓库',       4, 5,      '张仓管', '13800000002', '上海市浦东新区张江路100号',  1),
(2, 'WH102', '东区分仓',     4, 5,      '李仓管', '13800000012', '上海市浦东新区金桥路200号',  1),
(3, 'WH103', '门店仓库',     4, 6,      '王店长', '13800000022', '上海市徐汇区漕溪路88号',    1);

-- =====================================================
-- 6. 仓库库位
-- =====================================================
INSERT INTO `warehouse_location` (`id`, `warehouse_id`, `code`, `name`, `capacity`, `status`) VALUES
(1,  1, 'A-01', 'A区1排', 200, 1),
(2,  1, 'A-02', 'A区2排', 200, 1),
(3,  1, 'B-01', 'B区1排', 150, 1),
(4,  2, 'A-01', '主排',   300, 1),
(5,  3, 'A-01', '展示区', 100, 1),
(6,  3, 'B-01', '存储区', 200, 1);

-- =====================================================
-- 7. 供应商（3 家）
-- =====================================================
INSERT INTO `supplier` (`id`, `code`, `name`, `contact`, `phone`, `address`, `status`) VALUES
(1, 'SUP001', '绿源苗木基地',     '王经理', '13900001111', '上海市松江区泗泾镇苗圃路1号',  1),
(2, 'SUP002', '华东农资批发市场', '赵老板', '13900002222', '上海市嘉定区安亭镇农资街28号', 1),
(3, 'SUP003', '花盆工坊',         '陈师傅', '13900003333', '江苏省宜兴市丁蜀镇陶瓷路66号', 1);

-- =====================================================
-- 8. 客户（5 家）
-- =====================================================
INSERT INTO `customer` (`id`, `code`, `name`, `contact`, `phone`, `address`, `status`) VALUES
(1, 'CUS001', '阳光花坊',       '刘老板', '15800001111', '上海市徐汇区桂林路58号',      1),
(2, 'CUS002', '绿意空间园艺',   '陈经理', '15800002222', '上海市杨浦区国定路120号',     1),
(3, 'CUS003', '万科物业绿化部', '周主管', '15800003333', '上海市浦东新区碧波路500号',   1),
(4, 'CUS004', '大学城花店',     '小林',   '15800004444', '上海市闵行区东川路800号',     1),
(5, 'CUS005', '张阿姨',         '张阿姨', '15800005555', '上海市浦东新区张江路68号',    1);

-- =====================================================
-- 9. 采购入库单（含多种状态：已入库/待审批/草稿/已取消）
-- =====================================================
INSERT INTO `purchase_order` (`id`, `order_no`, `supplier_id`, `warehouse_id`, `total_amount`, `total_quantity`, `status`, `operator_id`, `order_date`, `remark`) VALUES
-- 已入库（已完成审批，status=1）
(1,  'PO20260403001', 1, 1, 1500.00, 100, 1, 4, '2026-04-03', NULL),
(2,  'PO20260405001', 2, 1, 2400.00, 200, 1, 4, '2026-04-05', NULL),
(3,  'PO20260407001', 1, 2, 900.00,  60,  1, 4, '2026-04-07', NULL),
(4,  'PO20260409001', 3, 1, 600.00,  40,  1, 4, '2026-04-09', NULL),
(5,  'PO20260411001', 2, 1, 1800.00, 150, 1, 4, '2026-04-11', NULL),
(6,  'PO20260413001', 1, 3, 1200.00, 80,  1, 4, '2026-04-13', NULL),
(7,  'PO20260415001', 2, 2, 3000.00, 250, 1, 4, '2026-04-15', NULL),
(8,  'PO20260417001', 1, 1, 750.00,  50,  1, 4, '2026-04-17', NULL),
(9,  'PO20260419001', 3, 1, 480.00,  30,  1, 4, '2026-04-19', NULL),
(10, 'PO20260421001', 2, 3, 2100.00, 175, 1, 4, '2026-04-21', NULL),
(11, 'PO20260423001', 1, 1, 1350.00, 90,  1, 4, '2026-04-23', NULL),
(12, 'PO20260425001', 2, 2, 1650.00, 110, 1, 4, '2026-04-25', NULL),
(13, 'PO20260427001', 1, 1, 2700.00, 180, 1, 4, '2026-04-27', NULL),
(14, 'PO20260429001', 3, 3, 960.00,  64,  1, 4, '2026-04-29', NULL),
(15, 'PO20260501001', 2, 1, 1920.00, 160, 1, 4, '2026-05-01', NULL),
(16, 'PO20260502001', 1, 1, 2250.00, 150, 1, 4, '2026-05-02', NULL),
(17, 'PO20260502002', 2, 2, 1080.00, 90,  1, 4, '2026-05-02', NULL),
-- 待审批（已提交等待管理员审核，status=4）
(18, 'PO20260503001', 1, 1, 1500.00, 100, 4, 4, '2026-05-03', '待审批入库'),
(19, 'PO20260503002', 2, 3, 800.00,  50,  4, 4, '2026-05-03', '门店补货待审批'),
-- 草稿（已保存未提交，status=0）
(20, 'PO20260503003', 1, 2, 600.00,  40,  0, 4, '2026-05-03', '草稿待编辑'),
-- 已取消（status=2）
(21, 'PO20260420001', 2, 1, 800.00,  60,  2, 4, '2026-04-20', NULL);

-- 采购入库单明细
INSERT INTO `purchase_order_item` (`order_id`, `product_id`, `quantity`, `unit_price`, `amount`, `batch_no`, `production_date`, `expiry_date`) VALUES
-- 已入库明细（与原数据一致）
(1, 1,  50, 15.00, 750.00,  'B260403A', '2026-03-01', NULL),
(1, 2,  20, 45.00, 900.00,  'B260403A', '2026-03-01', NULL),
(1, 11, 30, 8.00,  240.00,  'B260403A', '2026-03-15', NULL),
(2, 7,  80, 2.00,  160.00,  'B260405A', '2026-02-01', '2027-02-01'),
(2, 8,  60, 2.50,  150.00,  'B260405A', '2026-02-01', '2027-02-01'),
(2, 13, 40, 6.00,  240.00,  'B260405A', '2026-01-15', '2028-01-15'),
(2, 15, 20, 10.00, 200.00,  'B260405A', '2026-03-01', '2027-03-01'),
(3, 3,  30, 30.00, 900.00,  'B260407A', '2026-03-20', NULL),
(3, 4,  30, 8.00,  240.00,  'B260407A', '2026-03-10', NULL),
(4, 17, 20, 8.00,  160.00,  'B260409A', NULL, NULL),
(4, 18, 10, 15.00, 150.00,  'B260409A', NULL, NULL),
(4, 19, 10, 6.00,  60.00,   'B260409A', NULL, NULL),
(5, 5,  60, 12.00, 720.00,  'B260411A', '2026-03-25', NULL),
(5, 6,  40, 3.00,  120.00,  'B260411A', '2026-03-25', NULL),
(5, 12, 50, 5.00,  250.00,  'B260411A', '2026-03-01', NULL),
(6, 1,  40, 15.00, 600.00,  'B260413A', '2026-04-01', NULL),
(6, 4,  20, 8.00,  160.00,  'B260413A', '2026-03-20', NULL),
(6, 20, 20, 12.00, 240.00,  'B260413A', NULL, NULL),
(7, 7,  100, 2.00,  200.00, 'B260415A', '2026-02-15', '2027-02-15'),
(7, 9,  80,  1.50,  120.00, 'B260415A', '2026-02-15', '2027-02-15'),
(7, 10, 40,  3.00,  120.00, 'B260415A', '2026-03-01', '2027-03-01'),
(7, 14, 30,  4.00,  120.00, 'B260415A', '2026-01-01', '2028-01-01'),
(8, 2,  10, 45.00, 450.00, 'B260417A', '2026-03-01', NULL),
(8, 15, 30, 10.00, 300.00, 'B260417A', '2026-03-15', '2027-03-15'),
(9, 16, 20, 3.00, 60.00,  'B260419A', '2026-03-01', '2027-03-01'),
(9, 19, 20, 6.00, 120.00, 'B260419A', NULL, NULL),
(10, 1,  50, 15.00, 750.00, 'B260421A', '2026-04-01', NULL),
(10, 5,  30, 12.00, 360.00, 'B260421A', '2026-04-01', NULL),
(10, 11, 40, 8.00,  320.00, 'B260421A', '2026-03-20', NULL),
(10, 13, 30, 6.00,  180.00, 'B260421A', '2026-02-01', '2028-02-01'),
(11, 3,  40, 30.00, 1200.00, 'B260423A', '2026-04-10', NULL),
(11, 6,  50, 3.00,  150.00,  'B260423A', '2026-04-10', NULL),
(12, 17, 30, 8.00,  240.00, 'B260425A', NULL, NULL),
(12, 18, 20, 15.00, 300.00, 'B260425A', NULL, NULL),
(12, 12, 60, 5.00,  300.00, 'B260425A', '2026-04-01', NULL),
(12, 16, 30, 3.00,  90.00,  'B260425A', '2026-03-01', '2027-03-01'),
(13, 1,  60, 15.00, 900.00, 'B260427A', '2026-04-15', NULL),
(13, 2,  20, 45.00, 900.00, 'B260427A', '2026-04-15', NULL),
(13, 4,  50, 8.00,  400.00, 'B260427A', '2026-04-10', NULL),
(13, 15, 50, 10.00, 500.00, 'B260427A', '2026-04-01', '2027-04-01'),
(14, 7,  30, 2.00,  60.00,  'B260429A', '2026-03-01', '2027-03-01'),
(14, 8,  20, 2.50,  50.00,  'B260429A', '2026-03-01', '2027-03-01'),
(14, 9,  14, 1.50,  21.00,  'B260429A', '2026-03-01', '2027-03-01'),
(15, 3,  40, 30.00, 1200.00, 'B260501A', '2026-04-20', NULL),
(15, 11, 50, 8.00,  400.00,  'B260501A', '2026-04-15', NULL),
(15, 20, 20, 12.00, 240.00,  'B260501A', NULL, NULL),
(16, 1,  50, 15.00, 750.00,  'B260502A', '2026-04-20', NULL),
(16, 2,  10, 45.00, 450.00,  'B260502A', '2026-04-20', NULL),
(16, 5,  40, 12.00, 480.00,  'B260502A', '2026-04-20', NULL),
(16, 13, 50, 6.00,  300.00,  'B260502A', '2026-03-01', '2028-03-01'),
(17, 7,  50, 2.00,  100.00, 'B260502B', '2026-04-01', '2027-04-01'),
(17, 12, 40, 5.00,  200.00, 'B260502B', '2026-04-01', NULL),
-- 待审批明细
(18, 1,  40, 15.00, 600.00, 'B260503A', '2026-04-20', NULL),
(18, 3,  30, 30.00, 900.00, 'B260503A', '2026-04-15', NULL),
(19, 4,  30, 8.00,  240.00, 'B260503B', '2026-04-10', NULL),
(19, 19, 20, 6.00,  120.00, 'B260503B', NULL, NULL),
-- 草稿明细
(20, 11, 20, 8.00,  160.00, 'B260503C', '2026-04-20', NULL),
(20, 15, 20, 10.00, 200.00, 'B260503C', '2026-04-01', '2027-04-01'),
-- 已取消明细
(21, 5,  30, 12.00, 360.00, 'B260420A', '2026-03-25', NULL),
(21, 6,  30, 3.00,  90.00,  'B260420A', '2026-03-25', NULL);

-- =====================================================
-- 10. 销售出库单（含多种状态）
-- =====================================================
INSERT INTO `sales_order` (`id`, `order_no`, `customer_id`, `warehouse_id`, `total_amount`, `total_quantity`, `status`, `operator_id`, `order_date`, `salesman`) VALUES
-- 已出库（status=1）
(1,  'SO20260403001', 1, 1, 520.00,  30,  1, 3, '2026-04-03', '李销售'),
(2,  'SO20260404001', 2, 1, 380.00,  20,  1, 3, '2026-04-04', '李销售'),
(3,  'SO20260406001', 3, 2, 960.00,  50,  1, 3, '2026-04-06', '李销售'),
(4,  'SO20260408001', 1, 1, 240.00,  15,  1, 3, '2026-04-08', '李销售'),
(5,  'SO20260410001', 4, 3, 650.00,  35,  1, 3, '2026-04-10', '李销售'),
(6,  'SO20260412001', 2, 1, 440.00,  25,  1, 3, '2026-04-12', '李销售'),
(7,  'SO20260414001', 5, 1, 180.00,  10,  1, 3, '2026-04-14', '李销售'),
(8,  'SO20260416001', 3, 2, 1200.00, 60,  1, 3, '2026-04-16', '李销售'),
(9,  'SO20260418001', 1, 1, 350.00,  20,  1, 3, '2026-04-18', '李销售'),
(10, 'SO20260420001', 4, 3, 720.00,  40,  1, 3, '2026-04-20', '李销售'),
(11, 'SO20260422001', 2, 1, 560.00,  30,  1, 3, '2026-04-22', '李销售'),
(12, 'SO20260424001', 5, 2, 290.00,  15,  1, 3, '2026-04-24', '李销售'),
(13, 'SO20260426001', 3, 1, 880.00,  45,  1, 3, '2026-04-26', '李销售'),
(14, 'SO20260428001', 1, 3, 420.00,  25,  1, 3, '2026-04-28', '李销售'),
(15, 'SO20260430001', 4, 1, 660.00,  35,  1, 3, '2026-04-30', '李销售'),
(16, 'SO20260501001', 2, 1, 500.00,  28,  1, 3, '2026-05-01', '李销售'),
(17, 'SO20260502001', 1, 1, 750.00,  40,  1, 3, '2026-05-02', '李销售'),
(18, 'SO20260502002', 3, 2, 360.00,  20,  1, 3, '2026-05-02', '李销售'),
-- 待审批（status=4）
(19, 'SO20260503001', 1, 1, 500.00,  25,  4, 3, '2026-05-03', '李销售'),
(20, 'SO20260503002', 4, 3, 320.00,  18,  4, 3, '2026-05-03', '李销售'),
-- 草稿（status=0）
(21, 'SO20260503003', 5, 1, 200.00,  10,  0, 3, '2026-05-03', '李销售'),
-- 已取消（status=2）
(22, 'SO20260425001', 2, 1, 300.00,  15,  2, 3, '2026-04-25', '李销售');

INSERT INTO `sales_order_item` (`order_id`, `product_id`, `quantity`, `unit_price`, `amount`, `batch_no`) VALUES
-- 已出库明细
(1, 1,  20, 35.00, 700.00, 'B260401A'),
(1, 3,  10, 80.00, 800.00, 'B260401A'),
(2, 4,  10, 20.00, 200.00, 'B260401A'),
(2, 5,  10, 30.00, 300.00, 'B260401A'),
(3, 1,  20, 35.00, 700.00, 'B260401A'),
(3, 2,  5,  120.00,600.00, 'B260401A'),
(3, 6,  25, 8.00,  200.00, 'B260401A'),
(4, 2,  2,  120.00, 240.00, 'B260401A'),
(5, 7,  10, 5.00,  50.00,  'B260401A'),
(5, 17, 10, 20.00, 200.00, 'B260401A'),
(5, 19, 10, 15.00, 150.00, 'B260401A'),
(5, 15, 10, 25.00, 250.00, 'B260401A'),
(6, 1,  10, 35.00, 350.00, 'B260401A'),
(6, 11, 5,  18.00, 90.00,  'B260401A'),
(7, 6,  10, 8.00,  80.00,  'B260401A'),
(7, 16, 10, 8.00,  80.00,  'B260401A'),
(8, 1,  20, 35.00, 700.00, 'B260401A'),
(8, 3,  10, 80.00, 800.00, 'B260401A'),
(8, 11, 20, 18.00, 360.00, 'B260401A'),
(8, 13, 10, 15.00, 150.00, 'B260401A'),
(9, 3,  2,  80.00, 160.00, 'B260401A'),
(9, 4,  10, 20.00, 200.00, 'B260401A'),
(10, 1,  10, 35.00, 350.00, 'B260401A'),
(10, 2,  3,  120.00,360.00, 'B260401A'),
(10, 19, 5,  15.00, 75.00,  'B260401A'),
(11, 12, 10, 12.00, 120.00, 'B260401A'),
(11, 13, 10, 15.00, 150.00, 'B260401A'),
(11, 9,  10, 4.00,  40.00,  'B260401A'),
(12, 5,  5,  30.00, 150.00, 'B260401A'),
(12, 6,  10, 8.00,  80.00,  'B260401A'),
(13, 1,  15, 35.00, 525.00, 'B260401A'),
(13, 3,  5,  80.00, 400.00, 'B260401A'),
(13, 15, 5,  25.00, 125.00, 'B260401A'),
(14, 4,  10, 20.00, 200.00, 'B260401A'),
(14, 5,  5,  30.00, 150.00, 'B260401A'),
(14, 17, 5,  20.00, 100.00, 'B260401A'),
(15, 1,  10, 35.00, 350.00, 'B260401A'),
(15, 2,  2,  120.00,240.00, 'B260401A'),
(15, 11, 5,  18.00, 90.00,  'B260401A'),
(16, 3,  3,  80.00, 240.00, 'B260401A'),
(16, 6,  20, 8.00,  160.00, 'B260401A'),
(16, 19, 5,  15.00, 75.00,  'B260401A'),
(17, 1,  15, 35.00, 525.00, 'B260401A'),
(17, 2,  2,  120.00,240.00, 'B260401A'),
(17, 7,  20, 5.00,  100.00, 'B260401A'),
(18, 5,  10, 30.00, 300.00, 'B260401A'),
(18, 12, 5,  12.00, 60.00,  'B260401A'),
-- 待审批明细（库存不受影响）
(19, 1,  10, 35.00, 350.00, 'B260401A'),
(19, 3,  5,  80.00, 400.00, 'B260401A'),
(20, 5,  8,  30.00, 240.00, 'B260401A'),
(20, 19, 10, 15.00, 150.00, 'B260401A'),
-- 草稿明细
(21, 6,  10, 8.00,  80.00,  'B260401A'),
(21, 16, 10, 8.00,  80.00,  'B260401A');

-- =====================================================
-- 11. 调拨单（含多种状态）
-- =====================================================
INSERT INTO `inventory_transfer` (`id`, `order_no`, `from_warehouse_id`, `to_warehouse_id`, `total_quantity`, `status`, `operator_id`, `order_date`, `remark`) VALUES
-- 已完成（status=1）
(1, 'DB20260410001', 1, 2, 30,  1, 2, '2026-04-10', '补货至东区仓'),
(2, 'DB20260418001', 1, 3, 20,  1, 2, '2026-04-18', '门店补货'),
(3, 'DB20260425001', 2, 3, 15,  1, 2, '2026-04-25', '东区调门店'),
(4, 'DB20260501001', 1, 2, 25,  1, 2, '2026-05-01', '5月首批调拨'),
-- 待审批（status=4）
(5, 'DB20260503001', 1, 2, 20,  4, 2, '2026-05-03', '待审批调拨'),
-- 草稿（status=0）
(6, 'DB20260503002', 1, 3, 10,  0, 2, '2026-05-03', '草稿待编辑');

INSERT INTO `inventory_transfer_item` (`transfer_id`, `product_id`, `quantity`, `batch_no`) VALUES
(1, 1,  15, 'B260401A'),
(1, 3,  10, 'B260401A'),
(1, 11, 5,  'B260401A'),
(2, 2,  5,  'B260401A'),
(2, 4,  10, 'B260401A'),
(2, 17, 5,  'B260401A'),
(3, 5,  10, 'B260401A'),
(3, 6,  5,  'B260401A'),
(4, 1,  10, 'B260401A'),
(4, 3,  5,  'B260401A'),
(4, 15, 10, 'B260401A'),
(5, 4,  10, 'B260401A'),
(5, 19, 10, 'B260401A'),
(6, 2,  5,  'B260401A'),
(6, 5,  5,  'B260401A');

-- =====================================================
-- 12. 库存盘点单
-- =====================================================
INSERT INTO `stock_take` (`id`, `order_no`, `warehouse_id`, `take_type`, `total_items`, `diff_items`, `status`, `operator_id`, `approver_id`, `order_date`, `remark`) VALUES
-- 已调整（已审核并执行了调整，status=2）
(1, 'CK20260415001', 1, 0, 12, 2, 2, 2, 1, '2026-04-15', '4月全盘-已调整'),
-- 已审核（待调整，status=1）
(2, 'CK20260430001', 2, 1, 5,  1, 1, 2, 1, '2026-04-30', '东区抽盘-已审核'),
-- 盘点中（待审核，status=0）
(3, 'CK20260502001', 1, 0, 10, 0, 0, 2, NULL, '2026-05-02', '5月盘点中');

INSERT INTO `stock_take_item` (`stock_take_id`, `product_id`, `batch_no`, `book_qty`, `actual_qty`, `diff_qty`, `diff_reason`) VALUES
-- 盘点单1：已调整
(1, 1,  'B260401A', 100, 98,  -2, '搬运损耗'),
(1, 2,  'B260401A', 20,  20,   0, NULL),
(1, 3,  'B260401A', 30,  30,   0, NULL),
(1, 4,  'B260401A', 50,  48,  -2, '枯萎报废'),
(1, 5,  'B260401A', 40,  40,   0, NULL),
(1, 6,  'B260401A', 50,  50,   0, NULL),
(1, 7,  'B260401A', 80,  80,   0, NULL),
(1, 11, 'B260401A', 30,  30,   0, NULL),
(1, 13, 'B260401A', 20,  20,   0, NULL),
(1, 15, 'B260401A', 20,  20,   0, NULL),
(1, 17, 'B260401A', 10,  10,   0, NULL),
(1, 19, 'B260401A', 10,  10,   0, NULL),
-- 盘点单2：已审核
(2, 1,  'B260401A', 30,  30,  0, NULL),
(2, 3,  'B260401A', 15,  14, -1, '运输破损'),
(2, 6,  'B260401A', 60,  60,  0, NULL),
(2, 8,  'B260401A', 20,  20,  0, NULL),
(2, 11, 'B260401A', 15,  15,  0, NULL),
-- 盘点单3：盘点中
(3, 1,  'B260401A', 80,  80,  0, NULL),
(3, 2,  'B260401A', 15,  15,  0, NULL),
(3, 3,  'B260401A', 25,  25,  0, NULL),
(3, 5,  'B260401A', 50,  50,  0, NULL),
(3, 7,  'B260401A', 100, 100, 0, NULL),
(3, 11, 'B260401A', 45,  45,  0, NULL),
(3, 13, 'B260401A', 30,  30,  0, NULL),
(3, 15, 'B260401A', 25,  25,  0, NULL),
(3, 17, 'B260401A', 15,  15,  0, NULL),
(3, 19, 'B260401A', 12,  12,  0, NULL);

-- =====================================================
-- 13. 盘点调整单
-- =====================================================
INSERT INTO `stock_adjustment` (`id`, `order_no`, `stock_take_id`, `warehouse_id`, `adjust_type`, `total_amount`, `status`, `operator_id`, `remark`) VALUES
(1, 'TZ20260415001', 1, 1, 1, 70.00, 1, 2, '盘点单CK20260415001差异调整');

-- =====================================================
-- 14. 当前库存（仅 4 级仓库有实际库存）
-- =====================================================
-- 主仓库 (warehouse_id=1)
INSERT INTO `inventory` (`product_id`, `warehouse_id`, `batch_no`, `quantity`, `locked_qty`, `cost_price`) VALUES
(1,  1, 'B260401A', 75,  0, 15.00),
(2,  1, 'B260401A', 12,  0, 45.00),
(3,  1, 'B260401A', 18,  0, 30.00),
(4,  1, 'B260401A', 25,  0, 8.00),
(5,  1, 'B260401A', 45,  0, 12.00),
(6,  1, 'B260401A', 35,  0, 3.00),
(7,  1, 'B260401A', 120, 0, 2.00),
(8,  1, 'B260401A', 40,  0, 2.50),
(9,  1, 'B260401A', 55,  0, 1.50),
(11, 1, 'B260401A', 45,  0, 8.00),
(13, 1, 'B260401A', 55,  0, 6.00),
(15, 1, 'B260401A', 18,  0, 10.00),
(17, 1, 'B260401A', 12,  0, 8.00),
(19, 1, 'B260401A', 8,   0, 6.00);

-- 东区分仓 (warehouse_id=2)
INSERT INTO `inventory` (`product_id`, `warehouse_id`, `batch_no`, `quantity`, `locked_qty`, `cost_price`) VALUES
(1,  2, 'B260401A', 25,  0, 15.00),
(3,  2, 'B260401A', 10,  0, 30.00),
(5,  2, 'B260401A', 12,  0, 12.00),
(6,  2, 'B260401A', 55,  0, 3.00),
(7,  2, 'B260401A', 80,  0, 2.00),
(8,  2, 'B260401A', 15,  0, 2.50),
(9,  2, 'B260401A', 60,  0, 1.50),
(11, 2, 'B260401A', 20,  0, 8.00),
(12, 2, 'B260401A', 35,  0, 5.00),
(14, 2, 'B260401A', 25,  0, 4.00),
(15, 2, 'B260401A', 12,  0, 10.00);

-- 门店仓库 (warehouse_id=3)
INSERT INTO `inventory` (`product_id`, `warehouse_id`, `batch_no`, `quantity`, `locked_qty`, `cost_price`) VALUES
(1,  3, 'B260401A', 15,  0, 15.00),
(2,  3, 'B260401A', 4,   0, 45.00),
(3,  3, 'B260401A', 8,   0, 30.00),
(4,  3, 'B260401A', 12,  0, 8.00),
(5,  3, 'B260401A', 20,  0, 12.00),
(6,  3, 'B260401A', 30,  0, 3.00),
(11, 3, 'B260401A', 10,  0, 8.00),
(17, 3, 'B260401A', 6,   0, 8.00),
(19, 3, 'B260401A', 5,   0, 6.00);

-- =====================================================
-- 15. 库存流水
-- =====================================================
INSERT INTO `inventory_log` (`product_id`, `warehouse_id`, `batch_no`, `change_type`, `change_qty`, `before_qty`, `after_qty`, `unit_price`, `amount`, `ref_order_no`, `operator_id`, `remark`, `create_time`) VALUES
(1,  1, 'B260403A', 'PURCHASE_IN',  50,  0,   50,  15.00, 750.00,  'PO20260403001', 4, '采购入库',     '2026-04-03 09:00:00'),
(2,  1, 'B260403A', 'PURCHASE_IN',  20,  0,   20,  45.00, 900.00,  'PO20260403001', 4, '采购入库',     '2026-04-03 09:01:00'),
(11, 1, 'B260403A', 'PURCHASE_IN',  30,  0,   30,  8.00,  240.00,  'PO20260403001', 4, '采购入库',     '2026-04-03 09:02:00'),
(1,  1, 'B260401A', 'SALES_OUT',   -20,  100,  80,  35.00, 700.00,  'SO20260403001', 3, '销售出库',     '2026-04-03 14:00:00'),
(3,  1, 'B260401A', 'SALES_OUT',   -10,  30,   20,  80.00, 800.00,  'SO20260403001', 3, '销售出库',     '2026-04-03 14:01:00'),
(7,  1, 'B260405A', 'PURCHASE_IN',  80,  0,   80,   2.00, 160.00,  'PO20260405001', 4, '采购入库',     '2026-04-05 10:00:00'),
(13, 1, 'B260405A', 'PURCHASE_IN',  40,  0,   40,   6.00, 240.00,  'PO20260405001', 4, '采购入库',     '2026-04-05 10:01:00'),
(3,  2, 'B260407A', 'PURCHASE_IN',  30,  0,   30,  30.00, 900.00,  'PO20260407001', 4, '采购入库',     '2026-04-07 08:30:00'),
(1,  1, 'B260401A', 'TRANSFER_OUT',-15,  80,   65,  NULL,  NULL,   'DB20260410001', 2, '调拨出库',     '2026-04-10 10:00:00'),
(1,  2, 'B260401A', 'TRANSFER_IN',  15,  0,   15,  NULL,  NULL,   'DB20260410001', 2, '调拨入库',     '2026-04-10 10:00:00'),
(3,  1, 'B260401A', 'TRANSFER_OUT',-10,  20,   10,  NULL,  NULL,   'DB20260410001', 2, '调拨出库',     '2026-04-10 10:01:00'),
(3,  2, 'B260401A', 'TRANSFER_IN',  10,  0,   10,  NULL,  NULL,   'DB20260410001', 2, '调拨入库',     '2026-04-10 10:01:00'),
(1,  1, 'B260401A', 'ADJUSTMENT_OUT',-2, 65,   63,  15.00, 30.00,  'TZ20260415001', 2, '盘点调整',     '2026-04-15 16:00:00'),
(4,  1, 'B260401A', 'ADJUSTMENT_OUT',-2, 50,   48,  8.00,  16.00,  'TZ20260415001', 2, '盘点调整',     '2026-04-15 16:01:00'),
(2,  1, 'B260401A', 'TRANSFER_OUT', -5,  20,  15,  NULL,  NULL,   'DB20260418001', 2, '调拨出库',     '2026-04-18 09:00:00'),
(2,  3, 'B260401A', 'TRANSFER_IN',   5,  0,   5,  NULL,  NULL,   'DB20260418001', 2, '调拨入库',     '2026-04-18 09:00:00'),
(1,  1, 'B260401A', 'SALES_OUT',   -10,  75,   65,  35.00, 350.00,  'SO20260420001', 3, '销售出库',     '2026-04-20 11:00:00'),
(5,  2, 'B260401A', 'TRANSFER_OUT',-10,  22,   12,  NULL,  NULL,   'DB20260425001', 2, '调拨出库',     '2026-04-25 14:00:00'),
(5,  3, 'B260401A', 'TRANSFER_IN',  10,  10,   20,  NULL,  NULL,   'DB20260425001', 2, '调拨入库',     '2026-04-25 14:00:00'),
(1,  1, 'B260401A', 'SALES_OUT',   -10,  75,   65,  35.00, 350.00,  'SO20260430001', 3, '销售出库',     '2026-04-30 15:00:00'),
(2,  1, 'B260401A', 'SALES_OUT',    -2,  15,   13,  120.00,240.00,  'SO20260430001', 3, '销售出库',     '2026-04-30 15:01:00'),
(3,  1, 'B260501A', 'PURCHASE_IN',  40,  18,   58,  30.00, 1200.00, 'PO20260501001', 4, '采购入库',     '2026-05-01 09:00:00'),
(3,  1, 'B260401A', 'SALES_OUT',    -3,  58,   55,  80.00, 240.00,  'SO20260501001', 3, '销售出库',     '2026-05-01 14:00:00'),
(1,  1, 'B260502A', 'PURCHASE_IN',  50,  65,  115,  15.00, 750.00,  'PO20260502001', 4, '采购入库',     '2026-05-02 08:30:00'),
(5,  1, 'B260502A', 'PURCHASE_IN',  40,  45,   85,  12.00, 480.00,  'PO20260502001', 4, '采购入库',     '2026-05-02 08:31:00'),
(1,  1, 'B260401A', 'SALES_OUT',   -15,  115, 100,  35.00, 525.00,  'SO20260502001', 3, '销售出库',     '2026-05-02 10:00:00'),
(7,  1, 'B260401A', 'SALES_OUT',   -20,  120, 100,  5.00,  100.00,  'SO20260502001', 3, '销售出库',     '2026-05-02 10:01:00'),
(5,  2, 'B260401A', 'SALES_OUT',   -10,  22,   12,  30.00, 300.00,  'SO20260502002', 3, '销售出库',     '2026-05-02 11:00:00');

-- =====================================================
-- 16. 操作日志（包含审核操作示例）
-- =====================================================
INSERT INTO `sys_operation_log` (`operator_id`, `operator`, `module`, `action`, `target_type`, `target_id`, `detail`, `ip`, `request_url`, `request_method`, `cost_time`, `result`, `create_time`) VALUES
(1, 'admin',     'auth',       'login',    'sys_user', '1',    '管理员登录成功',           '127.0.0.1', '/api/v1/auth/login', 'POST', 120,  1, '2026-05-03 08:00:00'),
(4, 'buyer',     'purchase',   'create',   'purchase_order', '18', '新增入库单PO20260503001', '127.0.0.1', '/api/v1/purchase-order', 'POST', 85, 1, '2026-05-03 08:25:00'),
(4, 'buyer',     'purchase',   'submit',   'purchase_order', '18', '提交审批PO20260503001',  '127.0.0.1', '/api/v1/purchase-order/18/submit', 'PUT', 45, 1, '2026-05-03 08:30:00'),
(1, 'admin',     'purchase',   'approve',  'purchase_order', '16', '审核通过入库单PO20260502001', '127.0.0.1', '/api/v1/purchase-order/16/approve', 'PUT', 230, 1, '2026-05-02 08:35:00'),
(3, 'sales',     'sales',      'create',   'sales_order',    '19', '新增出库单SO20260503001', '127.0.0.1', '/api/v1/sales-order', 'POST', 92, 1, '2026-05-03 09:50:00'),
(3, 'sales',     'sales',      'submit',   'sales_order',    '19', '提交审批SO20260503001',  '127.0.0.1', '/api/v1/sales-order/19/submit', 'PUT', 55, 1, '2026-05-03 09:55:00'),
(1, 'admin',     'sales',      'approve',  'sales_order',    '17', '审核通过出库单SO20260502001', '127.0.0.1', '/api/v1/sales-order/17/approve', 'PUT', 180, 1, '2026-05-02 10:05:00'),
(2, 'warehouse', 'transfer',   'create',   'inventory_transfer', '5', '新增调拨单DB20260503001', '127.0.0.1', '/api/v1/transfer', 'POST', 68, 1, '2026-05-03 10:30:00'),
(2, 'warehouse', 'transfer',   'submit',   'inventory_transfer', '5', '提交审批DB20260503001',  '127.0.0.1', '/api/v1/transfer/5/submit', 'PUT', 50, 1, '2026-05-03 10:35:00'),
(1, 'admin',     'transfer',   'approve',  'inventory_transfer', '4', '审核通过调拨单DB20260501001', '127.0.0.1', '/api/v1/transfer/4/approve', 'PUT', 200, 1, '2026-05-01 14:00:00'),
(2, 'warehouse', 'stocktake',  'create',   'stock_take',    '3',  '新增盘点单CK20260502001', '127.0.0.1', '/api/v1/stock-take', 'POST', 75, 1, '2026-05-02 11:00:00'),
(1, 'admin',     'stocktake',  'approve',  'stock_take',    '2',  '审核通过盘点单CK20260430001', '127.0.0.1', '/api/v1/stock-take/2/approve', 'PUT', 65, 1, '2026-05-02 11:05:00'),
(1, 'admin',     'product',    'update',   'product',        '4',  '修改商品[月季花苗]价格',  '127.0.0.1', '/api/v1/product/4', 'PUT', 45, 1, '2026-05-02 11:30:00'),
(1, 'admin',     'warehouse',  'create',   'warehouse',      '3',  '新增仓库[门店仓库]',     '127.0.0.1', '/api/v1/warehouse', 'POST', 38, 1, '2026-05-01 09:00:00'),
(4, 'buyer',     'purchase',   'create',   'purchase_order', '20', '新增入库单PO20260503003(草稿)', '127.0.0.1', '/api/v1/purchase-order', 'POST', 55, 1, '2026-05-03 14:00:00'),
(3, 'sales',     'sales',      'create',   'sales_order',    '21', '新增出库单SO20260503003(草稿)', '127.0.0.1', '/api/v1/sales-order', 'POST', 62, 1, '2026-05-03 14:30:00'),
(2, 'warehouse', 'inventory',  'query',    'inventory',      NULL, '查询库存预警列表',         '127.0.0.1', '/api/v1/inventory/alert', 'GET', 35, 1, '2026-05-03 15:00:00'),
(1, 'admin',     'system',     'export',   'sys_operation_log', NULL, '导出操作日志',          '127.0.0.1', '/api/v1/system/log/export', 'GET', 520, 1, '2026-05-03 15:30:00'),
(3, 'sales',     'customer',   'update',   'customer',       '1',  '修改客户[阳光花坊]信息',  '127.0.0.1', '/api/v1/customer/1', 'PUT', 42, 1, '2026-05-03 16:00:00'),
(4, 'buyer',     'supplier',   'create',   'supplier',       '3',  '新增供应商[花盆工坊]',   '127.0.0.1', '/api/v1/supplier', 'POST', 50, 1, '2026-05-01 10:00:00');

-- =====================================================
-- 完成
-- =====================================================
SELECT '========================================' AS '';
SELECT '  测试数据导入完成！' AS '提示';
SELECT '========================================' AS '';
SELECT '' AS '';
SELECT '测试账号（密码均为 123456）：' AS '账号信息';
SELECT '  admin     - 管理员（全部权限）' AS '';
SELECT '  warehouse - 仓管员（仓库/库存/盘点/调拨）' AS '';
SELECT '  sales     - 销售员（销售/客户）' AS '';
SELECT '  buyer     - 采购员（采购/供应商）' AS '';
SELECT '' AS '';
SELECT '数据概览：' AS '统计';
SELECT '  用户: 4 | 分类: 15 | 商品: 20 | 仓库: 6（1-3级虚拟+4级实际）' AS '';
SELECT '  供应商: 3 | 客户: 5 | 库位: 6' AS '';
SELECT '  入库单: 21（已入库17 + 待审批2 + 草稿1 + 已取消1）' AS '';
SELECT '  出库单: 22（已出库18 + 待审批2 + 草稿1 + 已取消1）' AS '';
SELECT '  调拨单: 6（已完成4 + 待审批1 + 草稿1）' AS '';
SELECT '  盘点单: 3（已调整1 + 已审核1 + 盘点中1）' AS '';
SELECT '' AS '';
SELECT '审批流测试：' AS '测试指引';
SELECT '  采购PO20260503001 - 待审批，管理员可操作' AS '';
SELECT '  销售SO20260503001 - 待审批，管理员可操作' AS '';
SELECT '  调拨DB20260503001 - 待审批，管理员可操作' AS '';
SELECT '  盘点CK20260502001 - 盘点中，管理员可审核' AS '';
