-- =====================================================
-- 进销存管理系统 — 大规模测试数据（v2.2）
-- 覆盖：审批流 + 仓库分级 + 批量数据验证
-- 导入：mysql -u root -p inventory < sql/04-massive-test-data.sql
-- 注意：会先清空所有业务表，数据量约 500+ 条记录
-- =====================================================

USE `inventory`;

SET FOREIGN_KEY_CHECKS = 0;

TRUNCATE TABLE `inventory_transfer_item`;
TRUNCATE TABLE `inventory_transfer`;
TRUNCATE TABLE `stock_take_item`;
TRUNCATE TABLE `stock_take`;
TRUNCATE TABLE `stock_adjustment`;
TRUNCATE TABLE `sales_order_item`;
TRUNCATE TABLE `sales_order`;
TRUNCATE TABLE `purchase_order_item`;
TRUNCATE TABLE `purchase_order`;
TRUNCATE TABLE `inventory_log`;
TRUNCATE TABLE `inventory`;
TRUNCATE TABLE `warehouse_location`;
TRUNCATE TABLE `product`;
TRUNCATE TABLE `product_category`;
TRUNCATE TABLE `customer`;
TRUNCATE TABLE `supplier`;
TRUNCATE TABLE `warehouse`;
TRUNCATE TABLE `sys_operation_log`;
TRUNCATE TABLE `sys_config`;
TRUNCATE TABLE `sys_user`;

SET FOREIGN_KEY_CHECKS = 1;

-- =====================================================
-- 1. 系统用户
-- =====================================================
INSERT INTO `sys_user` (`id`, `username`, `password`, `real_name`, `phone`, `position`, `role`, `status`) VALUES
(1, 'admin',     '$2b$10$vRtfTD91dPMlYs6/5bhNFuT/iuFZOmLJlcaBP.3a/KgncaQ7jK0Vy', '系统管理员', '13800000001', '系统管理员', 1, 1),
(2, 'manager1',  '$2b$10$vRtfTD91dPMlYs6/5bhNFuT/iuFZOmLJlcaBP.3a/KgncaQ7jK0Vy', '张经理',    '13800000002', '仓库经理',  1, 1),
(3, 'manager2',  '$2b$10$vRtfTD91dPMlYs6/5bhNFuT/iuFZOmLJlcaBP.3a/KgncaQ7jK0Vy', '李经理',    '13800000003', '运营经理',  1, 1),
(4, 'buyer1',    '$2b$10$vRtfTD91dPMlYs6/5bhNFuT/iuFZOmLJlcaBP.3a/KgncaQ7jK0Vy', '王采购',    '13800000004', '采购员',    2, 1),
(5, 'buyer2',    '$2b$10$vRtfTD91dPMlYs6/5bhNFuT/iuFZOmLJlcaBP.3a/KgncaQ7jK0Vy', '赵采购',    '13800000005', '采购员',    2, 1),
(6, 'seller1',   '$2b$10$vRtfTD91dPMlYs6/5bhNFuT/iuFZOmLJlcaBP.3a/KgncaQ7jK0Vy', '刘销售',    '13800000006', '销售员',    2, 1),
(7, 'seller2',   '$2b$10$vRtfTD91dPMlYs6/5bhNFuT/iuFZOmLJlcaBP.3a/KgncaQ7jK0Vy', '陈销售',    '13800000007', '销售员',    2, 1),
(8, 'keeper1',   '$2b$10$vRtfTD91dPMlYs6/5bhNFuT/iuFZOmLJlcaBP.3a/KgncaQ7jK0Vy', '周仓管',    '13800000008', '仓管员',    2, 1),
(9, 'keeper2',   '$2b$10$vRtfTD91dPMlYs6/5bhNFuT/iuFZOmLJlcaBP.3a/KgncaQ7jK0Vy', '吴仓管',    '13800000009', '仓管员',    2, 1);

-- =====================================================
-- 2. 系统配置
-- =====================================================
INSERT INTO `sys_config` (`config_key`, `config_value`, `remark`) VALUES
('purchase_order_prefix', 'PO',    '入库单前缀'),
('sales_order_prefix',    'SO',    '出库单前缀'),
('stocktake_order_prefix','CK',    '盘点单前缀'),
('transfer_order_prefix', 'DB',    '调拨单前缀'),
('alert_enabled',         'true',  '安全库存预警开关'),
('company_name',          '众鑫商贸有限公司', '公司名称');

-- =====================================================
-- 3. 商品分类（15 类）
-- =====================================================
INSERT INTO `product_category` (`id`, `name`, `parent_id`, `sort`, `status`) VALUES
(1,  '电脑办公',     NULL, 1, 1),   (2,  '手机数码',     NULL, 2, 1),
(3,  '家用电器',     NULL, 3, 1),   (4,  '食品饮料',     NULL, 4, 1),
(5,  '日用百货',     NULL, 5, 1),
(6,  '笔记本电脑',   1,   1, 1),   (7,  '台式电脑',      1,   2, 1),
(8,  '显示器',       1,   3, 1),   (9,  '智能手机',      2,   1, 1),
(10, '耳机音箱',     2,   2, 1),   (11, '智能穿戴',      2,   3, 1),
(12, '厨房电器',     3,   1, 1),   (13, '生活电器',      3,   2, 1),
(14, '饮料冲调',     4,   1, 1),   (15, '零食坚果',      4,   2, 1);

-- =====================================================
-- 4. 商品（40 种）
-- =====================================================
INSERT INTO `product` (`id`, `code`, `name`, `category_id`, `spec`, `unit`, `purchase_price`, `sale_price`, `min_stock`, `max_stock`, `status`) VALUES
(1,  'P20260001', 'ThinkPad X1 Carbon', 6,  'i7/16G/512G',     '台', 6800,  8999,  5,   50,  1),
(2,  'P20260002', 'MacBook Pro 14',     6,  'M3/18G/512G',     '台', 12000, 14999, 3,   30,  1),
(3,  'P20260003', '联想小新Pro 16',     6,  'R7/16G/1T',       '台', 4200,  5599,  10,  80,  1),
(4,  'P20260004', '戴尔灵越14',         6,  'i5/16G/512G',     '台', 3500,  4599,  8,   60,  1),
(5,  'P20260005', '华为MateStation',    7,  'i7/16G/512G',     '台', 3800,  4999,  5,   40,  1),
(6,  'P20260006', '联想天逸510S',       7,  'i5/8G/256G',      '台', 2500,  3299,  8,   50,  1),
(7,  'P20260007', '戴尔27寸显示器',     8,  '27寸/4K/IPS',     '台', 1800,  2499,  5,   30,  1),
(8,  'P20260008', '华硕24寸显示器',     8,  '24寸/1080P',     '台', 700,   999,   10,  60,  1),
(9,  'P20260009', 'iPhone 16 Pro',       9,  '256G/钛金属',     '台', 6500,  8999,  10,  80,  1),
(10, 'P20260010', '华为Mate 70 Pro',     9,  '512G',            '台', 5200,  6999,  10,  80,  1),
(11, 'P20260011', '小米15 Pro',          9,  '512G',            '台', 3800,  4999,  15,  100, 1),
(12, 'P20260012', '三星S25 Ultra',       9,  '512G',            '台', 7000,  9699,  5,   40,  1),
(13, 'P20260013', 'AirPods Pro 2',       10, 'USB-C',           '个', 1400,  1899,  20,  150, 1),
(14, 'P20260014', '索尼WH-1000XM5',      10, '黑色/头戴',      '个', 1800,  2499,  10,  80,  1),
(15, 'P20260015', '华为FreeBuds Pro 3',  10, '白色',            '个', 1000,  1399,  15,  100, 1),
(16, 'P20260016', 'Apple Watch S10',     11, '45mm/GPS',        '个', 2600,  3499,  8,   50,  1),
(17, 'P20260017', '小米手环9 Pro',       11, '黑色',            '个', 250,   399,   30,  200, 1),
(18, 'P20260018', '华为Watch GT 5',      11, '46mm',            '个', 1200,  1699,  10,  60,  1),
(19, 'P20260019', '美的电饭煲',          12, '4L/IH加热',       '个', 300,   499,   20,  100, 1),
(20, 'P20260020', '苏泊尔空气炸锅',      12, '5.5L',            '个', 250,   399,   15,  80,  1),
(21, 'P20260021', '九阳破壁机',          12, '1.75L',           '个', 350,   599,   10,  60,  1),
(22, 'P20260022', '格兰仕微波炉',        12, '20L/平板式',      '个', 280,   429,   15,  80,  1),
(23, 'P20260023', '戴森吸尘器V15',       13, '无线/手持',      '个', 2800,  3990,  5,   30,  1),
(24, 'P20260024', '科沃斯扫地机X5',      13, '全能版',          '个', 3200,  4599,  5,   30,  1),
(25, 'P20260025', '小米空气净化器5',     13, '除甲醛',          '个', 1200,  1799,  8,   50,  1),
(26, 'P20260026', '美的落地扇',          13, '遥控/7叶',        '个', 180,   299,   20,  120, 1),
(27, 'P20260027', '农夫山泉矿泉水',      14, '550ml*24瓶',      '箱', 20,    38,    100, 500, 1),
(28, 'P20260028', '可口可乐',            14, '330ml*24罐',      '箱', 35,    59,    80,  400, 1),
(29, 'P20260029', '东方树叶',            14, '500ml*15瓶',      '箱', 40,    69,    60,  300, 1),
(30, 'P20260030', '元气森林',            14, '480ml*15瓶',      '箱', 42,    72,    50,  250, 1),
(31, 'P20260031', '三只松鼠每日坚果',    15, '750g/30包',       '箱', 45,    79,    40,  200, 1),
(32, 'P20260032', '良品铺子肉脯',        15, '200g*3袋',        '袋', 30,    55,    30,  150, 1),
(33, 'P20260033', '百草味大礼包',        15, '1.5kg',           '箱', 55,    99,    20,  100, 1),
(34, 'P20260034', '来伊份综合果干',      15, '500g',            '袋', 18,    35,    40,  200, 1),
(35, 'P20260035', '华为MatePad Pro',     6,  '12.2寸/16G/512G','台', 3800,  4999,  8,   40,  1),
(36, 'P20260036', 'iPad Air M2',         6,  '11寸/128G',       '台', 4200,  5499,  8,   40,  1),
(37, 'P20260037', '罗技MX Master 3S',    1,  '无线/静音',       '个', 400,   599,   20,  100, 1),
(38, 'P20260038', '雷蛇机械键盘',        1,  '黑寡妇V4',        '个', 500,   799,   15,  80,  1),
(39, 'P20260039', '西部数据移动硬盘',    1,  '2TB/USB3.0',      '个', 350,   499,   20,  100, 1),
(40, 'P20260040', '金士顿U盘',           1,  '128G/USB3.2',     '个', 60,    99,    50,  300, 1);

-- =====================================================
-- 5. 仓库（6 个，树形层级）
-- =====================================================
INSERT INTO `warehouse` (`id`, `code`, `name`, `level`, `parent_id`, `contact`, `phone`, `address`, `status`) VALUES
(10, 'DC001', '华东仓储中心', 1, NULL, NULL, NULL, NULL, 1),
(11, 'DC010', '上海分中心',   2, 10,   NULL, NULL, NULL, 1),
(12, 'DC011', '杭州分中心',   2, 10,   NULL, NULL, NULL, 1),
(13, 'DC100', '浦东主仓',     4, 11,   '张主管', '13810000001', '上海市浦东新区临港仓储园A区', 1),
(14, 'DC101', '松江分仓',     4, 11,   '李主管', '13810000002', '上海市松江区新桥镇仓储路88号', 1),
(15, 'DC200', '杭州总仓',     4, 12,   '王主管', '13810000003', '杭州市余杭区仓前街道物流园', 1);

-- 库位
INSERT INTO `warehouse_location` (`id`, `warehouse_id`, `code`, `name`, `capacity`, `status`) VALUES
(1, 13, 'A-01', 'A区1排', 500, 1), (2, 13, 'A-02', 'A区2排', 500, 1),
(3, 13, 'B-01', 'B区1排', 400, 1), (4, 13, 'B-02', 'B区2排', 400, 1),
(5, 14, 'A-01', '主排',   600, 1), (6, 14, 'B-01', '次排',   400, 1),
(7, 15, 'A-01', 'A区',    800, 1), (8, 15, 'B-01', 'B区',    600, 1),
(9, 15, 'C-01', 'C区冷库', 300, 1);

-- =====================================================
-- 6. 供应商（10 家）
-- =====================================================
INSERT INTO `supplier` (`id`, `code`, `name`, `contact`, `phone`, `address`, `status`) VALUES
(1, 'SP001', '联想（上海）有限公司',     '赵经理', '13910000001', '上海市浦东新区张江高科技园区', 1),
(2, 'SP002', '华为技术有限公司',         '钱主管', '13910000002', '深圳市龙岗区坂田街道', 1),
(3, 'SP003', '戴尔（中国）有限公司',     '孙经理', '13910000003', '上海市黄浦区淮海中路', 1),
(4, 'SP004', '苹果电脑贸易有限公司',     '李经理', '13910000004', '上海市浦东新区世纪大道', 1),
(5, 'SP005', '小米通讯技术有限公司',     '周主管', '13910000005', '北京市海淀区安宁庄路', 1),
(6, 'SP006', '三星（中国）投资有限公司', '吴经理', '13910000006', '北京市朝阳区望京东路', 1),
(7, 'SP007', '美的集团股份有限公司',     '郑主管', '13910000007', '广东省佛山市顺德区北滘镇', 1),
(8, 'SP008', '农夫山泉股份有限公司',     '王经理', '13910000008', '浙江省杭州市西湖区', 1),
(9, 'SP009', '三只松鼠股份有限公司',     '冯主管', '13910000009', '安徽省芜湖市弋江区', 1),
(10, 'SP010', '华硕电脑股份有限公司',    '陈经理', '13910000010', '上海市闵行区虹桥商务区', 1);

-- =====================================================
-- 7. 客户（15 家）
-- =====================================================
INSERT INTO `customer` (`id`, `code`, `name`, `contact`, `phone`, `address`, `status`) VALUES
(1, 'CU001', '易迅电子科技',         '刘总',   '15820000001', '上海市徐汇区漕河泾开发区', 1),
(2, 'CU002', '京东云仓合作商',       '陈经理', '15820000002', '上海市嘉定区江桥镇', 1),
(3, 'CU003', '华东师范大学后勤处',   '周老师', '15820000003', '上海市闵行区东川路500号', 1),
(4, 'CU004', '上海银行科技部',       '林主管', '15820000004', '上海市浦东新区银城中路', 1),
(5, 'CU005', '杭州网易网络公司',     '黄采购', '15820000005', '杭州市滨江区网商路599号', 1),
(6, 'CU006', '阿里巴巴西溪园区',     '张采购', '15820000006', '杭州市余杭区文一西路969号', 1),
(7, 'CU007', '苏州工业园区管委会',   '王主任', '15820000007', '苏州市工业园区现代大道', 1),
(8, 'CU008', '南京大学采购中心',     '李老师', '15820000008', '南京市栖霞区仙林大道163号', 1),
(9, 'CU009', '上海第一人民医院',     '赵科长', '15820000009', '上海市虹口区海宁路100号', 1),
(10, 'CU010', '百联集团采购部',      '何经理', '15820000010', '上海市杨浦区淞沪路', 1),
(11, 'CU011', '盒马鲜生供应链',      '孙采购', '15820000011', '上海市浦东新区外高桥', 1),
(12, 'CU012', '上海电信分公司',      '钱主任', '15820000012', '上海市普陀区长寿路', 1),
(13, 'CU013', '杭州师范大学',        '吴老师', '15820000013', '杭州市余杭区余杭塘路2318号', 1),
(14, 'CU014', '银泰百货采购中心',    '郑经理', '15820000014', '杭州市下城区延安路', 1),
(15, 'CU015', '拼多多供应链',        '王采购', '15820000015', '上海市长宁区娄山关路', 1);

-- =====================================================
-- 8. 采购入库单（80 单，跨 2 个月，含多种状态）
-- id 1-70: 已确认 (status=1)
-- id 71-75: 待审批 (status=4)
-- id 76-78: 草稿 (status=0)
-- id 79-80: 已取消 (status=2)
-- =====================================================
INSERT INTO `purchase_order` (`id`, `order_no`, `supplier_id`, `warehouse_id`, `total_amount`, `total_quantity`, `status`, `operator_id`, `order_date`, `remark`) VALUES
(1,  'PO20260301001', 1, 13, 45000,  50,  1, 4, '2026-03-01', NULL),
(2,  'PO20260303001', 2, 13, 32000,  40,  1, 4, '2026-03-03', NULL),
(3,  'PO20260305001', 4, 13, 52000,  30,  1, 4, '2026-03-05', NULL),
(4,  'PO20260307001', 5, 14, 28000,  60,  1, 5, '2026-03-07', NULL),
(5,  'PO20260308001', 3, 13, 15000,  30,  1, 4, '2026-03-08', NULL),
(6,  'PO20260310001', 7, 13, 12000,  50,  1, 4, '2026-03-10', NULL),
(7,  'PO20260312001', 8, 14, 8000,   200, 1, 5, '2026-03-12', NULL),
(8,  'PO20260314001', 9, 14, 5000,   100, 1, 5, '2026-03-14', NULL),
(9,  'PO20260315001', 10, 13, 9000,  30,  1, 4, '2026-03-15', NULL),
(10, 'PO20260317001', 1, 15, 35000,  40,  1, 4, '2026-03-17', NULL),
(11, 'PO20260318001', 6, 13, 45000,  25,  1, 4, '2026-03-18', NULL),
(12, 'PO20260320001', 2, 15, 28000,  50,  1, 4, '2026-03-20', NULL),
(13, 'PO20260322001', 3, 14, 18000,  40,  1, 5, '2026-03-22', NULL),
(14, 'PO20260324001', 4, 15, 60000,  35,  1, 4, '2026-03-24', NULL),
(15, 'PO20260325001', 5, 13, 22000,  70,  1, 4, '2026-03-25', NULL),
(16, 'PO20260326001', 7, 14, 10000,  40,  1, 5, '2026-03-26', NULL),
(17, 'PO20260328001', 8, 15, 6000,   150, 1, 5, '2026-03-28', NULL),
(18, 'PO20260329001', 9, 13, 7000,   140, 1, 4, '2026-03-29', NULL),
(19, 'PO20260330001', 10, 14, 11000, 40,  1, 5, '2026-03-30', NULL),
(20, 'PO20260331001', 1, 15, 50000,  55,  1, 4, '2026-03-31', NULL),
(21, 'PO20260401001', 2, 13, 34000,  45,  1, 4, '2026-04-01', NULL),
(22, 'PO20260402001', 3, 15, 20000,  45,  1, 5, '2026-04-02', NULL),
(23, 'PO20260403001', 4, 14, 48000,  28,  1, 4, '2026-04-03', NULL),
(24, 'PO20260404001', 5, 13, 25000,  80,  1, 4, '2026-04-04', NULL),
(25, 'PO20260405001', 6, 15, 50000,  28,  1, 5, '2026-04-05', NULL),
(26, 'PO20260406001', 7, 13, 15000,  60,  1, 4, '2026-04-06', NULL),
(27, 'PO20260407001', 8, 14, 9000,   250, 1, 5, '2026-04-07', NULL),
(28, 'PO20260408001', 9, 13, 8000,   160, 1, 4, '2026-04-08', NULL),
(29, 'PO20260409001', 10, 15, 13000, 45,  1, 5, '2026-04-09', NULL),
(30, 'PO20260410001', 1, 14, 42000,  48,  1, 4, '2026-04-10', NULL),
(31, 'PO20260411001', 2, 13, 30000,  38,  1, 4, '2026-04-11', NULL),
(32, 'PO20260412001', 3, 15, 22000,  50,  1, 5, '2026-04-12', NULL),
(33, 'PO20260413001', 4, 14, 55000,  32,  1, 4, '2026-04-13', NULL),
(34, 'PO20260414001', 5, 13, 18000,  55,  1, 4, '2026-04-14', NULL),
(35, 'PO20260415001', 6, 15, 48000,  26,  1, 5, '2026-04-15', NULL),
(36, 'PO20260416001', 7, 14, 12000,  50,  1, 5, '2026-04-16', NULL),
(37, 'PO20260417001', 8, 13, 7000,   180, 1, 4, '2026-04-17', NULL),
(38, 'PO20260418001', 9, 15, 6000,   120, 1, 5, '2026-04-18', NULL),
(39, 'PO20260419001', 10, 13, 10000, 35,  1, 4, '2026-04-19', NULL),
(40, 'PO20260420001', 1, 15, 55000,  60,  1, 4, '2026-04-20', NULL),
(41, 'PO20260421001', 2, 13, 36000,  50,  1, 4, '2026-04-21', NULL),
(42, 'PO20260422001', 3, 14, 24000,  55,  1, 5, '2026-04-22', NULL),
(43, 'PO20260423001', 4, 15, 62000,  36,  1, 5, '2026-04-23', NULL),
(44, 'PO20260424001', 5, 13, 24000,  75,  1, 4, '2026-04-24', NULL),
(45, 'PO20260425001', 6, 14, 52000,  30,  1, 4, '2026-04-25', NULL),
(46, 'PO20260426001', 7, 15, 16000,  65,  1, 5, '2026-04-26', NULL),
(47, 'PO20260427001', 8, 13, 8000,   200, 1, 4, '2026-04-27', NULL),
(48, 'PO20260428001', 9, 14, 9000,   180, 1, 5, '2026-04-28', NULL),
(49, 'PO20260429001', 10, 15, 14000, 50,  1, 5, '2026-04-29', NULL),
(50, 'PO20260430001', 1, 13, 48000,  52,  1, 4, '2026-04-30', NULL),
(51, 'PO20260501001', 2, 14, 32000,  42,  1, 4, '2026-05-01', NULL),
(52, 'PO20260502001', 3, 13, 25000,  55,  1, 5, '2026-05-02', NULL),
(53, 'PO20260503001', 4, 15, 58000,  34,  1, 4, '2026-05-03', NULL),
(54, 'PO20260504001', 5, 14, 28000,  90,  1, 5, '2026-05-04', NULL),
(55, 'PO20260505001', 6, 13, 42000,  24,  1, 4, '2026-05-05', NULL),
(56, 'PO20260506001', 7, 15, 14000,  55,  1, 5, '2026-05-06', NULL),
(57, 'PO20260507001', 8, 13, 10000,  250, 1, 4, '2026-05-07', NULL),
(58, 'PO20260508001', 9, 14, 7000,   140, 1, 5, '2026-05-08', NULL),
(59, 'PO20260509001', 10, 15, 12000, 40,  1, 4, '2026-05-09', NULL),
(60, 'PO20260510001', 1, 13, 50000,  55,  1, 4, '2026-05-10', NULL),
(61, 'PO20260511001', 2, 14, 38000,  48,  1, 5, '2026-05-11', NULL),
(62, 'PO20260512001', 3, 13, 16000,  35,  1, 4, '2026-05-12', NULL),
(63, 'PO20260513001', 4, 15, 60000,  35,  1, 5, '2026-05-13', NULL),
(64, 'PO20260514001', 5, 13, 22000,  70,  1, 4, '2026-05-14', NULL),
(65, 'PO20260515001', 6, 14, 46000,  26,  1, 5, '2026-05-15', NULL),
(66, 'PO20260516001', 7, 13, 18000,  72,  1, 4, '2026-05-16', NULL),
(67, 'PO20260517001', 8, 15, 9000,   220, 1, 5, '2026-05-17', NULL),
(68, 'PO20260518001', 9, 14, 8000,   160, 1, 5, '2026-05-18', NULL),
(69, 'PO20260519001', 10, 13, 15000, 50,  1, 4, '2026-05-19', NULL),
(70, 'PO20260520001', 1, 15, 52000,  58,  1, 4, '2026-05-20', NULL),
-- 待审批
(71, 'PO20260521001', 2, 13, 30000,  40,  4, 4, '2026-05-21', '待审批-笔记本补货'),
(72, 'PO20260521002', 4, 14, 50000,  30,  4, 5, '2026-05-21', '待审批-苹果产品'),
(73, 'PO20260522001', 7, 15, 20000,  80,  4, 5, '2026-05-22', '待审批-家电'),
(74, 'PO20260522002', 8, 13, 15000,  400, 4, 4, '2026-05-22', '待审批-饮料'),
(75, 'PO20260523001', 5, 14, 30000,  100, 4, 5, '2026-05-23', '待审批-小米手机'),
-- 草稿
(76, 'PO20260523002', 1, 13, 35000,  40,  0, 4, '2026-05-23', '草稿-联想电脑'),
(77, 'PO20260524001', 3, 15, 15000,  35,  0, 5, '2026-05-24', '草稿-戴尔电脑'),
(78, 'PO20260524002', 9, 14, 12000,  250, 0, 5, '2026-05-24', '草稿-零食补货'),
-- 已取消
(79, 'PO20260305002', 2, 13, 25000,  30,  2, 4, '2026-03-05', '取消-价格调整'),
(80, 'PO20260415002', 6, 15, 35000,  20,  2, 5, '2026-04-15', '取消-供应商缺货');

-- 采购明细（每单 2-4 条商品，简化用统一规则）
INSERT INTO `purchase_order_item` (`order_id`, `product_id`, `quantity`, `unit_price`, `amount`, `batch_no`) VALUES
(1, 1, 30, 6800, 204000, 'B260301A'), (1, 35, 20, 3800, 76000, 'B260301A'),
(2, 9, 20, 6500, 130000, 'B260303A'), (2, 10, 20, 5200, 104000, 'B260303A'),
(3, 2, 15, 12000, 180000, 'B260305A'), (3, 36, 15, 4200, 63000, 'B260305A'),
(4, 11, 30, 3800, 114000, 'B260307A'), (4, 17, 30, 250, 7500, 'B260307A'),
(5, 7, 15, 1800, 27000, 'B260308A'), (5, 8, 15, 700, 10500, 'B260308A'),
(6, 19, 25, 300, 7500, 'B260310A'), (6, 20, 25, 250, 6250, 'B260310A'),
(7, 27, 100, 20, 2000, 'B260312A'), (7, 28, 100, 35, 3500, 'B260312A'),
(8, 31, 50, 45, 2250, 'B260314A'), (8, 32, 50, 30, 1500, 'B260314A'),
(9, 37, 15, 400, 6000, 'B260315A'), (9, 38, 15, 500, 7500, 'B260315A'),
(10, 5, 20, 3800, 76000, 'B260317A'), (10, 6, 20, 2500, 50000, 'B260317A'),
(11, 12, 15, 7000, 105000, 'B260318A'), (11, 13, 10, 1400, 14000, 'B260318A'),
(12, 10, 25, 5200, 130000, 'B260320A'), (12, 11, 25, 3800, 95000, 'B260320A'),
(13, 7, 20, 1800, 36000, 'B260322A'), (13, 8, 20, 700, 14000, 'B260322A'),
(14, 2, 18, 12000, 216000, 'B260324A'), (14, 9, 17, 6500, 110500, 'B260324A'),
(15, 17, 40, 250, 10000, 'B260325A'), (15, 18, 30, 1200, 36000, 'B260325A'),
(16, 21, 20, 350, 7000, 'B260326A'), (16, 22, 20, 280, 5600, 'B260326A'),
(17, 29, 80, 40, 3200, 'B260328A'), (17, 30, 70, 42, 2940, 'B260328A'),
(18, 33, 70, 55, 3850, 'B260329A'), (18, 34, 70, 18, 1260, 'B260329A'),
(19, 39, 20, 350, 7000, 'B260330A'), (19, 40, 20, 60, 1200, 'B260330A'),
(20, 1, 30, 6800, 204000, 'B260331A'), (20, 3, 25, 4200, 105000, 'B260331A'),
(21, 9, 25, 6500, 162500, 'B260401A'), (21, 11, 20, 3800, 76000, 'B260401A'),
(22, 5, 25, 3800, 95000, 'B260402A'), (22, 6, 20, 2500, 50000, 'B260402A'),
(23, 2, 14, 12000, 168000, 'B260403A'), (23, 36, 14, 4200, 58800, 'B260403A'),
(24, 15, 40, 1000, 40000, 'B260404A'), (24, 16, 40, 2600, 104000, 'B260404A'),
(25, 12, 14, 7000, 98000, 'B260405A'), (25, 14, 14, 1800, 25200, 'B260405A'),
(26, 23, 15, 2800, 42000, 'B260406A'), (26, 24, 15, 3200, 48000, 'B260406A'),
(27, 27, 130, 20, 2600, 'B260407A'), (27, 28, 120, 35, 4200, 'B260407A'),
(28, 31, 80, 45, 3600, 'B260408A'), (28, 34, 80, 18, 1440, 'B260408A'),
(29, 37, 25, 400, 10000, 'B260409A'), (29, 40, 20, 60, 1200, 'B260409A'),
(30, 3, 28, 4200, 117600, 'B260410A'), (30, 4, 20, 3500, 70000, 'B260410A'),
(31, 10, 20, 5200, 104000, 'B260411A'), (31, 11, 18, 3800, 68400, 'B260411A'),
(32, 7, 25, 1800, 45000, 'B260412A'), (32, 8, 25, 700, 17500, 'B260412A'),
(33, 9, 18, 6500, 117000, 'B260413A'), (33, 12, 14, 7000, 98000, 'B260413A'),
(34, 17, 30, 250, 7500, 'B260414A'), (34, 18, 25, 1200, 30000, 'B260414A'),
(35, 13, 14, 1400, 19600, 'B260415A'), (35, 14, 12, 1800, 21600, 'B260415A'),
(36, 25, 25, 1200, 30000, 'B260416A'), (36, 26, 25, 180, 4500, 'B260416A'),
(37, 29, 100, 40, 4000, 'B260417A'), (37, 30, 80, 42, 3360, 'B260417A'),
(38, 32, 60, 30, 1800, 'B260418A'), (38, 33, 60, 55, 3300, 'B260418A'),
(39, 39, 18, 350, 6300, 'B260419A'), (39, 37, 17, 400, 6800, 'B260419A'),
(40, 1, 35, 6800, 238000, 'B260420A'), (40, 2, 25, 12000, 300000, 'B260420A'),
(41, 9, 25, 6500, 162500, 'B260421A'), (41, 10, 25, 5200, 130000, 'B260421A'),
(42, 3, 30, 4200, 126000, 'B260422A'), (42, 5, 25, 3800, 95000, 'B260422A'),
(43, 2, 20, 12000, 240000, 'B260423A'), (43, 36, 16, 4200, 67200, 'B260423A'),
(44, 15, 40, 1000, 40000, 'B260424A'), (44, 16, 35, 2600, 91000, 'B260424A'),
(45, 12, 16, 7000, 112000, 'B260425A'), (45, 13, 14, 1400, 19600, 'B260425A'),
(46, 19, 35, 300, 10500, 'B260426A'), (46, 20, 30, 250, 7500, 'B260426A'),
(47, 27, 100, 20, 2000, 'B260427A'), (47, 28, 100, 35, 3500, 'B260427A'),
(48, 31, 90, 45, 4050, 'B260428A'), (48, 34, 90, 18, 1620, 'B260428A'),
(49, 38, 25, 500, 12500, 'B260429A'), (49, 40, 25, 60, 1500, 'B260429A'),
(50, 5, 26, 3800, 98800, 'B260430A'), (50, 6, 26, 2500, 65000, 'B260430A'),
(51, 9, 22, 6500, 143000, 'B260501A'), (51, 11, 20, 3800, 76000, 'B260501A'),
(52, 7, 28, 1800, 50400, 'B260502A'), (52, 8, 27, 700, 18900, 'B260502A'),
(53, 2, 18, 12000, 216000, 'B260503A'), (53, 35, 16, 3800, 60800, 'B260503A'),
(54, 17, 50, 250, 12500, 'B260504A'), (54, 18, 40, 1200, 48000, 'B260504A'),
(55, 12, 12, 7000, 84000, 'B260505A'), (55, 14, 12, 1800, 21600, 'B260505A'),
(56, 21, 30, 350, 10500, 'B260506A'), (56, 22, 25, 280, 7000, 'B260506A'),
(57, 29, 130, 40, 5200, 'B260507A'), (57, 30, 120, 42, 5040, 'B260507A'),
(58, 33, 70, 55, 3850, 'B260508A'), (58, 34, 70, 18, 1260, 'B260508A'),
(59, 37, 20, 400, 8000, 'B260509A'), (59, 39, 20, 350, 7000, 'B260509A'),
(60, 1, 30, 6800, 204000, 'B260510A'), (60, 3, 25, 4200, 105000, 'B260510A'),
(61, 10, 24, 5200, 124800, 'B260511A'), (61, 11, 24, 3800, 91200, 'B260511A'),
(62, 7, 18, 1800, 32400, 'B260512A'), (62, 37, 17, 400, 6800, 'B260512A'),
(63, 9, 20, 6500, 130000, 'B260513A'), (63, 36, 15, 4200, 63000, 'B260513A'),
(64, 15, 35, 1000, 35000, 'B260514A'), (64, 16, 35, 2600, 91000, 'B260514A'),
(65, 13, 14, 1400, 19600, 'B260515A'), (65, 14, 12, 1800, 21600, 'B260515A'),
(66, 23, 20, 2800, 56000, 'B260516A'), (66, 25, 20, 1200, 24000, 'B260516A'),
(67, 27, 120, 20, 2400, 'B260517A'), (67, 28, 100, 35, 3500, 'B260517A'),
(68, 31, 80, 45, 3600, 'B260518A'), (68, 32, 80, 30, 2400, 'B260518A'),
(69, 38, 25, 500, 12500, 'B260519A'), (69, 40, 25, 60, 1500, 'B260519A'),
(70, 5, 30, 3800, 114000, 'B260520A'), (70, 6, 28, 2500, 70000, 'B260520A'),
(71, 1, 20, 6800, 136000, 'B260521A'), (71, 3, 20, 4200, 84000, 'B260521A'),
(72, 2, 15, 12000, 180000, 'B260521B'), (72, 36, 15, 4200, 63000, 'B260521B'),
(73, 19, 40, 300, 12000, 'B260522A'), (73, 20, 40, 250, 10000, 'B260522A'),
(74, 27, 200, 20, 4000, 'B260522B'), (74, 28, 200, 35, 7000, 'B260522B'),
(75, 11, 50, 3800, 190000, 'B260523A'), (75, 17, 50, 250, 12500, 'B260523A'),
(76, 5, 20, 3800, 76000, 'B260523B'), (76, 6, 20, 2500, 50000, 'B260523B'),
(77, 7, 18, 1800, 32400, 'B260524A'), (77, 8, 17, 700, 11900, 'B260524A'),
(78, 31, 130, 45, 5850, 'B260524B'), (78, 33, 120, 55, 6600, 'B260524B'),
(79, 9, 15, 6500, 97500, 'B260305B'), (79, 10, 15, 5200, 78000, 'B260305B'),
(80, 14, 10, 1800, 18000, 'B260415B'), (80, 13, 10, 1400, 14000, 'B260415B');

-- =====================================================
-- 9. 销售出库单（80 单，含多种状态）
-- id 1-70: 已出库 (status=1)
-- id 71-75: 待审批 (status=4)
-- id 76-78: 草稿 (status=0)
-- id 79-80: 已取消 (status=2)
-- =====================================================
INSERT INTO `sales_order` (`id`, `order_no`, `customer_id`, `warehouse_id`, `total_amount`, `total_quantity`, `status`, `operator_id`, `order_date`, `salesman`) VALUES
(1,  'SO20260301001', 1, 13, 85000,  30,  1, 6, '2026-03-01', '刘销售'),
(2,  'SO20260303001', 2, 13, 65000,  25,  1, 6, '2026-03-03', '刘销售'),
(3,  'SO20260305001', 3, 13, 45000,  20,  1, 7, '2026-03-05', '陈销售'),
(4,  'SO20260307001', 4, 13, 32000,  15,  1, 6, '2026-03-07', '刘销售'),
(5,  'SO20260308001', 5, 13, 78000,  28,  1, 7, '2026-03-08', '陈销售'),
(6,  'SO20260310001', 6, 15, 55000,  22,  1, 6, '2026-03-10', '刘销售'),
(7,  'SO20260312001', 7, 15, 48000,  18,  1, 7, '2026-03-12', '陈销售'),
(8,  'SO20260314001', 1, 13, 92000,  35,  1, 6, '2026-03-14', '刘销售'),
(9,  'SO20260315001', 8, 15, 35000,  16,  1, 7, '2026-03-15', '陈销售'),
(10, 'SO20260317001', 9, 13, 72000,  26,  1, 6, '2026-03-17', '刘销售'),
(11, 'SO20260318001', 2, 14, 58000,  24,  1, 7, '2026-03-18', '陈销售'),
(12, 'SO20260320001', 10, 14, 42000,  20,  1, 6, '2026-03-20', '刘销售'),
(13, 'SO20260322001', 3, 13, 38000,  18,  1, 7, '2026-03-22', '陈销售'),
(14, 'SO20260324001', 4, 13, 68000,  25,  1, 6, '2026-03-24', '刘销售'),
(15, 'SO20260325001', 11, 14, 52000,  22,  1, 7, '2026-03-25', '陈销售'),
(16, 'SO20260326001', 5, 15, 88000,  32,  1, 6, '2026-03-26', '刘销售'),
(17, 'SO20260328001', 12, 13, 41000,  20,  1, 7, '2026-03-28', '陈销售'),
(18, 'SO20260329001', 6, 15, 63000,  28,  1, 6, '2026-03-29', '刘销售'),
(19, 'SO20260330001', 13, 15, 28000,  14,  1, 7, '2026-03-30', '陈销售'),
(20, 'SO20260331001', 1, 13, 95000,  38,  1, 6, '2026-03-31', '刘销售'),
(21, 'SO20260401001', 14, 14, 48000,  22,  1, 7, '2026-04-01', '陈销售'),
(22, 'SO20260402001', 2, 13, 72000,  28,  1, 6, '2026-04-02', '刘销售'),
(23, 'SO20260403001', 7, 15, 56000,  24,  1, 7, '2026-04-03', '陈销售'),
(24, 'SO20260404001', 8, 15, 42000,  18,  1, 6, '2026-04-04', '刘销售'),
(25, 'SO20260405001', 3, 13, 38000,  16,  1, 7, '2026-04-05', '陈销售'),
(26, 'SO20260406001', 11, 14, 65000,  30,  1, 6, '2026-04-06', '刘销售'),
(27, 'SO20260407001', 15, 14, 52000,  22,  1, 7, '2026-04-07', '陈销售'),
(28, 'SO20260408001', 4, 13, 78000,  30,  1, 6, '2026-04-08', '刘销售'),
(29, 'SO20260409001', 5, 15, 65000,  26,  1, 7, '2026-04-09', '陈销售'),
(30, 'SO20260410001', 9, 13, 42000,  18,  1, 6, '2026-04-10', '刘销售'),
(31, 'SO20260411001', 10, 14, 58000,  24,  1, 7, '2026-04-11', '陈销售'),
(32, 'SO20260412001', 1, 13, 88000,  34,  1, 6, '2026-04-12', '刘销售'),
(33, 'SO20260413001', 6, 15, 72000,  30,  1, 7, '2026-04-13', '陈销售'),
(34, 'SO20260414001', 2, 13, 55000,  22,  1, 6, '2026-04-14', '刘销售'),
(35, 'SO20260415001', 12, 13, 38000,  18,  1, 7, '2026-04-15', '陈销售'),
(36, 'SO20260416001', 14, 14, 62000,  26,  1, 6, '2026-04-16', '刘销售'),
(37, 'SO20260417001', 3, 13, 48000,  20,  1, 7, '2026-04-17', '陈销售'),
(38, 'SO20260418001', 7, 15, 35000,  16,  1, 6, '2026-04-18', '刘销售'),
(39, 'SO20260419001', 8, 15, 52000,  24,  1, 7, '2026-04-19', '陈销售'),
(40, 'SO20260420001', 11, 14, 68000,  28,  1, 6, '2026-04-20', '刘销售'),
(41, 'SO20260421001', 4, 13, 42000,  18,  1, 7, '2026-04-21', '陈销售'),
(42, 'SO20260422001', 15, 14, 58000,  24,  1, 6, '2026-04-22', '刘销售'),
(43, 'SO20260423001', 5, 15, 72000,  30,  1, 7, '2026-04-23', '陈销售'),
(44, 'SO20260424001', 9, 13, 45000,  20,  1, 6, '2026-04-24', '刘销售'),
(45, 'SO20260425001', 1, 13, 92000,  36,  1, 7, '2026-04-25', '陈销售'),
(46, 'SO20260426001', 6, 15, 68000,  28,  1, 6, '2026-04-26', '刘销售'),
(47, 'SO20260427001', 2, 13, 58000,  24,  1, 7, '2026-04-27', '陈销售'),
(48, 'SO20260428001', 10, 14, 38000,  18,  1, 6, '2026-04-28', '刘销售'),
(49, 'SO20260429001', 13, 15, 45000,  20,  1, 7, '2026-04-29', '陈销售'),
(50, 'SO20260430001', 3, 13, 72000,  28,  1, 6, '2026-04-30', '刘销售'),
(51, 'SO20260501001', 14, 14, 52000,  22,  1, 7, '2026-05-01', '陈销售'),
(52, 'SO20260502001', 1, 13, 85000,  32,  1, 6, '2026-05-02', '刘销售'),
(53, 'SO20260503001', 7, 15, 48000,  20,  1, 7, '2026-05-03', '陈销售'),
(54, 'SO20260504001', 4, 13, 62000,  26,  1, 6, '2026-05-04', '刘销售'),
(55, 'SO20260505001', 11, 14, 58000,  24,  1, 7, '2026-05-05', '陈销售'),
(56, 'SO20260506001', 5, 15, 72000,  30,  1, 6, '2026-05-06', '刘销售'),
(57, 'SO20260507001', 2, 13, 42000,  18,  1, 7, '2026-05-07', '陈销售'),
(58, 'SO20260508001', 8, 15, 38000,  16,  1, 6, '2026-05-08', '刘销售'),
(59, 'SO20260509001', 9, 13, 65000,  26,  1, 6, '2026-05-09', '刘销售'),
(60, 'SO20260510001', 12, 13, 52000,  22,  1, 7, '2026-05-10', '陈销售'),
(61, 'SO20260511001', 3, 13, 48000,  20,  1, 6, '2026-05-11', '刘销售'),
(62, 'SO20260512001', 15, 14, 58000,  24,  1, 7, '2026-05-12', '陈销售'),
(63, 'SO20260513001', 6, 15, 65000,  28,  1, 6, '2026-05-13', '刘销售'),
(64, 'SO20260514001', 10, 14, 42000,  18,  1, 7, '2026-05-14', '陈销售'),
(65, 'SO20260515001', 1, 13, 88000,  34,  1, 6, '2026-05-15', '刘销售'),
(66, 'SO20260516001', 14, 14, 52000,  22,  1, 7, '2026-05-16', '陈销售'),
(67, 'SO20260517001', 4, 13, 72000,  28,  1, 6, '2026-05-17', '刘销售'),
(68, 'SO20260518001', 7, 15, 48000,  20,  1, 7, '2026-05-18', '陈销售'),
(69, 'SO20260519001', 2, 13, 58000,  24,  1, 6, '2026-05-19', '刘销售'),
(70, 'SO20260520001', 11, 14, 65000,  28,  1, 7, '2026-05-20', '陈销售'),
-- 待审批
(71, 'SO20260521001', 3, 13, 35000,  15,  4, 6, '2026-05-21', '刘销售'),
(72, 'SO20260521002', 5, 15, 52000,  22,  4, 7, '2026-05-21', '陈销售'),
(73, 'SO20260522001', 1, 13, 68000,  26,  4, 6, '2026-05-22', '刘销售'),
(74, 'SO20260522002', 9, 13, 42000,  18,  4, 7, '2026-05-22', '陈销售'),
(75, 'SO20260523001', 8, 15, 32000,  14,  4, 6, '2026-05-23', '刘销售'),
-- 草稿
(76, 'SO20260523002', 4, 13, 28000,  12,  0, 7, '2026-05-23', '陈销售'),
(77, 'SO20260524001', 12, 13, 38000,  16,  0, 6, '2026-05-24', '刘销售'),
(78, 'SO20260524002', 10, 14, 25000,  10,  0, 7, '2026-05-24', '陈销售'),
-- 已取消
(79, 'SO20260306001', 2, 13, 32000,  14,  2, 6, '2026-03-06', '刘销售'),
(80, 'SO20260418002', 7, 15, 28000,  12,  2, 7, '2026-04-18', '陈销售');

-- 销售明细（简化，每单 1-3 条）
INSERT INTO `sales_order_item` (`order_id`, `product_id`, `quantity`, `unit_price`, `amount`, `batch_no`) VALUES
(1, 1, 15, 8999, 134985, 'B260301A'), (1, 9, 15, 8999, 134985, 'B260301A'),
(2, 10, 15, 6999, 104985, 'B260303A'), (2, 11, 10, 4999, 49990, 'B260303A'),
(3, 2, 10, 14999, 149990, 'B260305A'), (3, 3, 10, 5599, 55990, 'B260305A'),
(4, 7, 8, 2499, 19992, 'B260308A'), (4, 37, 7, 599, 4193, 'B260308A'),
(5, 1, 18, 8999, 161982, 'B260301A'), (5, 35, 10, 4999, 49990, 'B260301A'),
(6, 5, 12, 4999, 59988, 'B260317A'), (6, 6, 10, 3299, 32990, 'B260317A'),
(7, 9, 10, 8999, 89990, 'B260303A'), (7, 12, 8, 9699, 77592, 'B260303A'),
(8, 1, 20, 8999, 179980, 'B260301A'), (8, 10, 15, 6999, 104985, 'B260301A'),
(9, 3, 8, 5599, 44792, 'B260305A'), (9, 4, 8, 4599, 36792, 'B260305A'),
(10, 2, 12, 14999, 179988, 'B260305A'), (10, 36, 14, 5499, 76986, 'B260305A'),
(11, 11, 14, 4999, 69986, 'B260303A'), (11, 17, 10, 399, 3990, 'B260303A'),
(12, 19, 10, 499, 4990, 'B260310A'), (12, 20, 10, 399, 3990, 'B260310A'),
(13, 27, 10, 38, 380, 'B260312A'), (13, 28, 8, 59, 472, 'B260312A'),
(14, 9, 15, 8999, 134985, 'B260303A'), (14, 10, 10, 6999, 69990, 'B260303A'),
(15, 31, 12, 79, 948, 'B260314A'), (15, 32, 10, 55, 550, 'B260314A'),
(16, 5, 16, 4999, 79984, 'B260317A'), (16, 6, 16, 3299, 52784, 'B260317A'),
(17, 37, 12, 599, 7188, 'B260315A'), (17, 38, 8, 799, 6392, 'B260315A'),
(18, 1, 18, 8999, 161982, 'B260301A'), (18, 2, 10, 14999, 149990, 'B260301A'),
(19, 7, 8, 2499, 19992, 'B260308A'), (19, 8, 6, 999, 5994, 'B260308A'),
(20, 3, 20, 5599, 111980, 'B260305A'), (20, 9, 18, 8999, 161982, 'B260305A'),
(21, 11, 12, 4999, 59988, 'B260303A'), (21, 15, 10, 1399, 13990, 'B260303A'),
(22, 10, 18, 6999, 125982, 'B260303A'), (22, 12, 10, 9699, 96990, 'B260303A'),
(23, 5, 14, 4999, 69986, 'B260317A'), (23, 6, 10, 3299, 32990, 'B260317A'),
(24, 3, 10, 5599, 55990, 'B260305A'), (24, 4, 8, 4599, 36792, 'B260305A'),
(25, 13, 8, 1899, 15192, 'B260318A'), (25, 14, 8, 2499, 19992, 'B260318A'),
(26, 17, 20, 399, 7980, 'B260303A'), (26, 18, 10, 1699, 16990, 'B260303A'),
(27, 27, 12, 38, 456, 'B260312A'), (27, 28, 10, 59, 590, 'B260312A'),
(28, 1, 18, 8999, 161982, 'B260301A'), (28, 2, 12, 14999, 179988, 'B260301A'),
(29, 9, 16, 8999, 143984, 'B260303A'), (29, 11, 10, 4999, 49990, 'B260303A'),
(30, 7, 10, 2499, 24990, 'B260308A'), (30, 8, 8, 999, 7992, 'B260308A'),
(31, 19, 14, 499, 6986, 'B260310A'), (31, 20, 10, 399, 3990, 'B260310A'),
(32, 1, 20, 8999, 179980, 'B260301A'), (32, 3, 14, 5599, 78386, 'B260301A'),
(33, 5, 18, 4999, 89982, 'B260317A'), (33, 6, 12, 3299, 39588, 'B260317A'),
(34, 10, 12, 6999, 83988, 'B260303A'), (34, 11, 10, 4999, 49990, 'B260303A'),
(35, 37, 10, 599, 5990, 'B260315A'), (35, 39, 8, 499, 3992, 'B260315A'),
(36, 15, 14, 1399, 19586, 'B260404A'), (36, 16, 12, 3499, 41988, 'B260404A'),
(37, 2, 10, 14999, 149990, 'B260305A'), (37, 3, 10, 5599, 55990, 'B260305A'),
(38, 27, 8, 38, 304, 'B260312A'), (38, 28, 8, 59, 472, 'B260312A'),
(39, 31, 14, 79, 1106, 'B260314A'), (39, 33, 10, 99, 990, 'B260314A'),
(40, 17, 18, 399, 7182, 'B260303A'), (40, 18, 10, 1699, 16990, 'B260303A'),
(41, 7, 10, 2499, 24990, 'B260308A'), (41, 37, 8, 599, 4792, 'B260308A'),
(42, 19, 14, 499, 6986, 'B260310A'), (42, 22, 10, 429, 4290, 'B260310A'),
(43, 5, 18, 4999, 89982, 'B260317A'), (43, 6, 12, 3299, 39588, 'B260317A'),
(44, 13, 10, 1899, 18990, 'B260318A'), (44, 14, 10, 2499, 24990, 'B260318A'),
(45, 9, 20, 8999, 179980, 'B260303A'), (45, 10, 16, 6999, 111984, 'B260303A'),
(46, 1, 18, 8999, 161982, 'B260301A'), (46, 2, 10, 14999, 149990, 'B260301A'),
(47, 11, 14, 4999, 69986, 'B260303A'), (47, 12, 10, 9699, 96990, 'B260303A'),
(48, 27, 10, 38, 380, 'B260312A'), (48, 28, 8, 59, 472, 'B260312A'),
(49, 31, 10, 79, 790, 'B260314A'), (49, 34, 10, 35, 350, 'B260314A'),
(50, 3, 16, 5599, 89584, 'B260305A'), (50, 4, 12, 4599, 55188, 'B260305A'),
(51, 15, 12, 1399, 16788, 'B260404A'), (51, 16, 10, 3499, 34990, 'B260404A'),
(52, 1, 18, 8999, 161982, 'B260301A'), (52, 9, 14, 8999, 125986, 'B260301A'),
(53, 5, 12, 4999, 59988, 'B260317A'), (53, 6, 8, 3299, 26392, 'B260317A'),
(54, 10, 14, 6999, 97986, 'B260303A'), (54, 11, 12, 4999, 59988, 'B260303A'),
(55, 17, 14, 399, 5586, 'B260303A'), (55, 18, 10, 1699, 16990, 'B260303A'),
(56, 7, 14, 2499, 34986, 'B260308A'), (56, 8, 16, 999, 15984, 'B260308A'),
(57, 37, 10, 599, 5990, 'B260315A'), (57, 40, 8, 99, 792, 'B260315A'),
(58, 19, 8, 499, 3992, 'B260310A'), (58, 20, 8, 399, 3192, 'B260310A'),
(59, 2, 12, 14999, 179988, 'B260305A'), (59, 3, 14, 5599, 78386, 'B260305A'),
(60, 13, 12, 1899, 22788, 'B260318A'), (60, 14, 10, 2499, 24990, 'B260318A'),
(61, 27, 12, 38, 456, 'B260312A'), (61, 28, 8, 59, 472, 'B260312A'),
(62, 31, 14, 79, 1106, 'B260314A'), (62, 32, 10, 55, 550, 'B260314A'),
(63, 5, 16, 4999, 79984, 'B260317A'), (63, 6, 12, 3299, 39588, 'B260317A'),
(64, 19, 10, 499, 4990, 'B260310A'), (64, 22, 8, 429, 3432, 'B260310A'),
(65, 1, 20, 8999, 179980, 'B260301A'), (65, 9, 14, 8999, 125986, 'B260301A'),
(66, 15, 12, 1399, 16788, 'B260404A'), (66, 16, 10, 3499, 34990, 'B260404A'),
(67, 10, 16, 6999, 111984, 'B260303A'), (67, 11, 12, 4999, 59988, 'B260303A'),
(68, 3, 10, 5599, 55990, 'B260305A'), (68, 4, 10, 4599, 45990, 'B260305A'),
(69, 7, 12, 2499, 29988, 'B260308A'), (69, 8, 12, 999, 11988, 'B260308A'),
(70, 17, 18, 399, 7182, 'B260303A'), (70, 18, 10, 1699, 16990, 'B260303A'),
(71, 1, 8, 8999, 71992, 'B260301A'), (71, 3, 7, 5599, 39193, 'B260301A'),
(72, 5, 12, 4999, 59988, 'B260317A'), (72, 6, 10, 3299, 32990, 'B260317A'),
(73, 9, 14, 8999, 125986, 'B260303A'), (73, 10, 12, 6999, 83988, 'B260303A'),
(74, 13, 10, 1899, 18990, 'B260318A'), (74, 14, 8, 2499, 19992, 'B260318A'),
(75, 19, 8, 499, 3992, 'B260310A'), (75, 20, 6, 399, 2394, 'B260310A'),
(76, 37, 6, 599, 3594, 'B260315A'), (76, 39, 6, 499, 2994, 'B260315A'),
(77, 2, 8, 14999, 119992, 'B260305A'), (77, 35, 8, 4999, 39992, 'B260305A'),
(78, 27, 6, 38, 228, 'B260312A'), (78, 28, 4, 59, 236, 'B260312A'),
(79, 9, 8, 8999, 71992, 'B260303A'), (79, 10, 6, 6999, 41994, 'B260303A'),
(80, 5, 8, 4999, 39992, 'B260317A'), (80, 6, 4, 3299, 13196, 'B260317A');

-- =====================================================
-- 10. 调拨单（15 单）
-- =====================================================
INSERT INTO `inventory_transfer` (`id`, `order_no`, `from_warehouse_id`, `to_warehouse_id`, `total_quantity`, `status`, `operator_id`, `order_date`, `remark`) VALUES
(1,  'DB20260301001', 13, 14, 50,  1, 8, '2026-03-01', '浦东调松江'),
(2,  'DB20260310001', 13, 15, 40,  1, 8, '2026-03-10', '浦东调杭州'),
(3,  'DB20260320001', 14, 13, 30,  1, 8, '2026-03-20', '松江回浦东'),
(4,  'DB20260401001', 15, 13, 35,  1, 9, '2026-04-01', '杭州调浦东'),
(5,  'DB20260410001', 13, 14, 60,  1, 8, '2026-04-10', '补货松江'),
(6,  'DB20260420001', 14, 15, 25,  1, 8, '2026-04-20', '松江调杭州'),
(7,  'DB20260501001', 13, 15, 45,  1, 9, '2026-05-01', '5月补货杭州'),
(8,  'DB20260508001', 15, 13, 30,  1, 9, '2026-05-08', '杭州回浦东'),
(9,  'DB20260512001', 13, 14, 40,  1, 8, '2026-05-12', '浦东调松江'),
(10, 'DB20260515001', 14, 13, 20,  1, 8, '2026-05-15', '松江回浦东'),
-- 待审批
(11, 'DB20260520001', 13, 14, 35,  4, 8, '2026-05-20', '待审批-浦东调松江'),
(12, 'DB20260521001', 13, 15, 50,  4, 9, '2026-05-21', '待审批-浦东调杭州'),
(13, 'DB20260522001', 14, 15, 30,  4, 8, '2026-05-22', '待审批-松江调杭州'),
-- 草稿
(14, 'DB20260523001', 15, 13, 25,  0, 9, '2026-05-23', '草稿-待编辑'),
(15, 'DB20260524001', 13, 14, 40,  0, 8, '2026-05-24', '草稿-待编辑');

INSERT INTO `inventory_transfer_item` (`transfer_id`, `product_id`, `quantity`, `batch_no`) VALUES
(1, 1, 20, 'B260301A'), (1, 9, 15, 'B260303A'), (1, 7, 15, 'B260308A'),
(2, 3, 20, 'B260305A'), (2, 10, 20, 'B260303A'),
(3, 17, 15, 'B260307A'), (3, 19, 15, 'B260310A'),
(4, 5, 18, 'B260317A'), (4, 6, 17, 'B260317A'),
(5, 1, 25, 'B260301A'), (5, 2, 20, 'B260305A'), (5, 11, 15, 'B260303A'),
(6, 31, 15, 'B260314A'), (6, 32, 10, 'B260314A'),
(7, 9, 25, 'B260303A'), (7, 10, 20, 'B260303A'),
(8, 5, 15, 'B260317A'), (8, 6, 15, 'B260317A'),
(9, 1, 20, 'B260301A'), (9, 3, 20, 'B260305A'),
(10, 17, 10, 'B260307A'), (10, 19, 10, 'B260310A'),
(11, 7, 18, 'B260308A'), (11, 13, 17, 'B260318A'),
(12, 9, 25, 'B260303A'), (12, 11, 25, 'B260303A'),
(13, 31, 15, 'B260314A'), (13, 34, 15, 'B260314A'),
(14, 5, 15, 'B260317A'), (14, 6, 10, 'B260317A'),
(15, 1, 20, 'B260301A'), (15, 2, 20, 'B260305A');

-- =====================================================
-- 11. 盘点单（5 单）
-- =====================================================
INSERT INTO `stock_take` (`id`, `order_no`, `warehouse_id`, `take_type`, `total_items`, `diff_items`, `status`, `operator_id`, `approver_id`, `order_date`, `remark`) VALUES
(1, 'CK20260315001', 13, 0, 14, 3, 2, 8, 1, '2026-03-15', 'Q1全盘-已调整'),
(2, 'CK20260415001', 14, 0, 11, 2, 2, 9, 1, '2026-04-15', '4月全盘-已调整'),
(3, 'CK20260430001', 13, 0, 14, 1, 1, 8, 1, '2026-04-30', '4月末盘点-已审核待调整'),
(4, 'CK20260501001', 15, 1, 8,  0, 1, 9, 3, '2026-05-01', '杭州抽盘-已审核'),
(5, 'CK20260515001', 13, 0, 14, 0, 0, 8, NULL, '2026-05-15', '5月中盘点中');

INSERT INTO `stock_take_item` (`stock_take_id`, `product_id`, `batch_no`, `book_qty`, `actual_qty`, `diff_qty`, `diff_reason`) VALUES
(1, 1, 'B260301A', 80,  78,  -2, '盘亏-发货未记账'),
(1, 9, 'B260303A', 60,  60,   0, NULL),
(1, 10, 'B260303A', 50,  48,  -2, '盘亏-样品出库'),
(1, 3, 'B260305A', 30,  30,   0, NULL),
(1, 2, 'B260305A', 20,  19,  -1, '盘亏-破损'),
(1, 7, 'B260308A', 30,  30,   0, NULL),
(1, 8, 'B260308A', 30,  30,   0, NULL),
(1, 19, 'B260310A', 50,  50,   0, NULL),
(1, 20, 'B260310A', 50,  50,   0, NULL),
(1, 13, 'B260318A', 20,  20,   0, NULL),
(1, 14, 'B260318A', 20,  20,   0, NULL),
(1, 17, 'B260307A', 40,  40,   0, NULL),
(1, 37, 'B260315A', 30,  30,   0, NULL),
(1, 38, 'B260315A', 30,  30,   0, NULL),
(2, 1, 'B260301A', 50,  50,   0, NULL),
(2, 9, 'B260303A', 40,  40,   0, NULL),
(2, 11, 'B260303A', 40,  38,  -2, '盘亏-丢失'),
(2, 17, 'B260307A', 30,  30,   0, NULL),
(2, 18, 'B260307A', 30,  30,   0, NULL),
(2, 19, 'B260310A', 25,  25,   0, NULL),
(2, 20, 'B260310A', 25,  25,   0, NULL),
(2, 27, 'B260312A', 200, 200,   0, NULL),
(2, 28, 'B260312A', 200, 200,   0, NULL),
(2, 31, 'B260314A', 100, 100,   0, NULL),
(2, 32, 'B260314A', 100, 100,   0, NULL),
(3, 1, 'B260301A', 65,  65,   0, NULL),
(3, 9, 'B260303A', 55,  55,   0, NULL),
(3, 10, 'B260303A', 45,  45,   0, NULL),
(3, 11, 'B260303A', 35,  35,   0, NULL),
(3, 2, 'B260305A', 18,  18,   0, NULL),
(3, 3, 'B260305A', 25,  25,   0, NULL),
(3, 7, 'B260308A', 25,  25,   0, NULL),
(3, 13, 'B260318A', 15,  15,   0, NULL),
(3, 14, 'B260318A', 15,  15,   0, NULL),
(3, 15, 'B260404A', 40,  40,   0, NULL),
(3, 16, 'B260404A', 40,  40,   0, NULL),
(3, 17, 'B260307A', 35,  34,  -1, '盘亏-不明原因'),
(3, 37, 'B260315A', 25,  25,   0, NULL),
(4, 1, 'B260301A', 30,  30,   0, NULL),
(4, 9, 'B260303A', 25,  25,   0, NULL),
(4, 11, 'B260303A', 20,  20,   0, NULL),
(4, 5, 'B260317A', 25,  25,   0, NULL),
(4, 6, 'B260317A', 20,  20,   0, NULL),
(4, 19, 'B260310A', 15,  15,   0, NULL),
(4, 27, 'B260312A', 100, 100,   0, NULL),
(4, 28, 'B260312A', 80,  80,   0, NULL),
(5, 1, 'B260301A', 85,  85,   0, NULL),
(5, 9, 'B260303A', 80,  80,   0, NULL),
(5, 10, 'B260303A', 60,  60,   0, NULL),
(5, 11, 'B260303A', 55,  55,   0, NULL),
(5, 2, 'B260305A', 25,  25,   0, NULL),
(5, 3, 'B260305A', 45,  45,   0, NULL),
(5, 7, 'B260308A', 30,  30,   0, NULL),
(5, 13, 'B260318A', 20,  20,   0, NULL),
(5, 14, 'B260318A', 20,  20,   0, NULL),
(5, 15, 'B260404A', 55,  55,   0, NULL),
(5, 16, 'B260404A', 55,  55,   0, NULL),
(5, 17, 'B260307A', 50,  50,   0, NULL),
(5, 37, 'B260315A', 30,  30,   0, NULL);

-- =====================================================
-- 12. 盘点调整单
-- =====================================================
INSERT INTO `stock_adjustment` (`id`, `order_no`, `stock_take_id`, `warehouse_id`, `adjust_type`, `total_amount`, `status`, `operator_id`, `remark`) VALUES
(1, 'TZ20260315001', 1, 13, 1, 5200.00, 1, 1, 'Q1盘点差异调整'),
(2, 'TZ20260415001', 2, 14, 1, 2800.00, 1, 1, '4月盘点差异调整');

-- =====================================================
-- 13. 当前库存（3 个 4 级仓库）
-- =====================================================
-- 浦东主仓 (warehouse_id=13)
INSERT INTO `inventory` (`product_id`, `warehouse_id`, `batch_no`, `quantity`, `locked_qty`, `cost_price`) VALUES
(1, 13, 'B260301A', 85,  0, 6800),   (2, 13, 'B260305A', 25,  0, 12000),
(3, 13, 'B260305A', 45,  0, 4200),   (7, 13, 'B260308A', 30,  0, 1800),
(8, 13, 'B260308A', 35,  0, 700),    (9, 13, 'B260303A', 80,  0, 6500),
(10, 13, 'B260303A', 60,  0, 5200),  (11, 13, 'B260303A', 55,  0, 3800),
(12, 13, 'B260318A', 15,  0, 7000),  (13, 13, 'B260318A', 20,  0, 1400),
(14, 13, 'B260318A', 20,  0, 1800),  (15, 13, 'B260404A', 55,  0, 1000),
(16, 13, 'B260404A', 55,  0, 2600),  (17, 13, 'B260307A', 50,  0, 250),
(18, 13, 'B260307A', 35,  0, 1200),  (19, 13, 'B260310A', 15,  0, 300),
(20, 13, 'B260310A', 20,  0, 250),   (21, 13, 'B260326A', 20,  0, 350),
(22, 13, 'B260326A', 20,  0, 280),   (23, 13, 'B260406A', 15,  0, 2800),
(24, 13, 'B260406A', 15,  0, 3200),  (25, 13, 'B260416A', 25,  0, 1200),
(26, 13, 'B260416A', 25,  0, 180),   (27, 13, 'B260312A', 20,  0, 20),
(28, 13, 'B260312A', 15,  0, 35),    (31, 13, 'B260314A', 15,  0, 45),
(32, 13, 'B260314A', 15,  0, 30),    (33, 13, 'B260329A', 10,  0, 55),
(34, 13, 'B260329A', 10,  0, 18),    (35, 13, 'B260301A', 5,   0, 3800),
(36, 13, 'B260305A', 8,   0, 4200),  (37, 13, 'B260315A', 30,  0, 400),
(38, 13, 'B260315A', 28,  0, 500),   (39, 13, 'B260330A', 12,  0, 350),
(40, 13, 'B260330A', 15,  0, 60);

-- 松江分仓 (warehouse_id=14)
INSERT INTO `inventory` (`product_id`, `warehouse_id`, `batch_no`, `quantity`, `locked_qty`, `cost_price`) VALUES
(1, 14, 'B260301A', 30,  0, 6800),   (3, 14, 'B260305A', 20,  0, 4200),
(4, 14, 'B260410A', 20,  0, 3500),   (9, 14, 'B260303A', 25,  0, 6500),
(10, 14, 'B260303A', 15,  0, 5200),  (11, 14, 'B260303A', 25,  0, 3800),
(12, 14, 'B260318A', 10,  0, 7000),  (13, 14, 'B260318A', 10,  0, 1400),
(15, 14, 'B260404A', 25,  0, 1000),  (16, 14, 'B260404A', 20,  0, 2600),
(17, 14, 'B260307A', 20,  0, 250),   (18, 14, 'B260307A', 15,  0, 1200),
(19, 14, 'B260310A', 20,  0, 300),   (20, 14, 'B260310A', 25,  0, 250),
(21, 14, 'B260326A', 15,  0, 350),   (22, 14, 'B260326A', 15,  0, 280),
(25, 14, 'B260416A', 15,  0, 1200),  (26, 14, 'B260416A', 15,  0, 180),
(27, 14, 'B260312A', 150, 0, 20),    (28, 14, 'B260312A', 150, 0, 35),
(29, 14, 'B260328A', 80,  0, 40),    (30, 14, 'B260328A', 70,  0, 42),
(31, 14, 'B260314A', 80,  0, 45),    (32, 14, 'B260314A', 90,  0, 30),
(33, 14, 'B260329A', 15,  0, 55),    (34, 14, 'B260329A', 20,  0, 18),
(37, 14, 'B260315A', 20,  0, 400),   (39, 14, 'B260330A', 25,  0, 350),
(40, 14, 'B260330A', 15,  0, 60);

-- 杭州总仓 (warehouse_id=15)
INSERT INTO `inventory` (`product_id`, `warehouse_id`, `batch_no`, `quantity`, `locked_qty`, `cost_price`) VALUES
(1, 15, 'B260301A', 15,  0, 6800),   (2, 15, 'B260305A', 12,  0, 12000),
(3, 15, 'B260305A', 28,  0, 4200),   (4, 15, 'B260410A', 15,  0, 3500),
(5, 15, 'B260317A', 18,  0, 3800),   (6, 15, 'B260317A', 15,  0, 2500),
(7, 15, 'B260308A', 12,  0, 1800),   (8, 15, 'B260308A', 15,  0, 700),
(9, 15, 'B260303A', 25,  0, 6500),   (10, 15, 'B260303A', 20,  0, 5200),
(11, 15, 'B260303A', 18,  0, 3800),   (19, 15, 'B260310A', 15,  0, 300),
(20, 15, 'B260310A', 25,  0, 250),   (21, 15, 'B260326A', 15,  0, 350),
(22, 15, 'B260326A', 15,  0, 280),   (23, 15, 'B260406A', 10,  0, 2800),
(24, 15, 'B260406A', 10,  0, 3200),  (25, 15, 'B260416A', 10,  0, 1200),
(27, 15, 'B260312A', 80,  0, 20),    (28, 15, 'B260312A', 60,  0, 35),
(29, 15, 'B260328A', 60,  0, 40),    (30, 15, 'B260328A', 50,  0, 42),
(31, 15, 'B260314A', 30,  0, 45),    (33, 15, 'B260329A', 25,  0, 55),
(35, 15, 'B260301A', 8,   0, 3800),   (36, 15, 'B260305A', 12,  0, 4200),
(37, 15, 'B260315A', 15,  0, 400),   (38, 15, 'B260429A', 10,  0, 500),
(39, 15, 'B260330A', 10,  0, 350);

-- =====================================================
-- 14. 库存流水（精选关键记录，简化避免膨胀）
-- =====================================================
INSERT INTO `inventory_log` (`product_id`, `warehouse_id`, `batch_no`, `change_type`, `change_qty`, `before_qty`, `after_qty`, `ref_order_no`, `operator_id`, `create_time`) VALUES
(1, 13, 'B260301A', 'PURCHASE_IN',  30, 0,  30,  'PO20260301001', 4, '2026-03-01 09:00:00'),
(9, 13, 'B260303A', 'PURCHASE_IN',  20, 0,  20,  'PO20260303001', 4, '2026-03-03 09:00:00'),
(2, 13, 'B260305A', 'PURCHASE_IN',  15, 0,  15,  'PO20260305001', 4, '2026-03-05 09:00:00'),
(11, 14, 'B260307A', 'PURCHASE_IN',  30, 0,  30,  'PO20260307001', 5, '2026-03-07 09:00:00'),
(7, 13, 'B260308A', 'PURCHASE_IN',  15, 0,  15,  'PO20260308001', 4, '2026-03-08 09:00:00'),
(1, 13, 'B260301A', 'SALES_OUT',   -15, 65,  50,  'SO20260301001', 6, '2026-03-01 14:00:00'),
(9, 13, 'B260303A', 'SALES_OUT',   -15, 35,  20,  'SO20260301001', 6, '2026-03-01 14:00:00'),
(1, 13, 'B260301A', 'TRANSFER_OUT',-20, 50,  30,  'DB20260301001', 8, '2026-03-01 16:00:00'),
(1, 14, 'B260301A', 'TRANSFER_IN',  20, 0,  20,  'DB20260301001', 8, '2026-03-01 16:00:00'),
(3, 13, 'B260305A', 'TRANSFER_OUT',-20, 35,  15,  'DB20260310001', 8, '2026-03-10 10:00:00'),
(3, 15, 'B260305A', 'TRANSFER_IN',  20, 0,  20,  'DB20260310001', 8, '2026-03-10 10:00:00'),
(1, 13, 'B260301A', 'ADJUSTMENT_OUT',-2, 80,  78,  'TZ20260315001', 1, '2026-03-15 16:00:00'),
(9, 13, 'B260303A', 'ADJUSTMENT_OUT',-2, 62,  60,  'TZ20260315001', 1, '2026-03-15 16:00:00'),
(5, 15, 'B260317A', 'PURCHASE_IN',  20, 0,  20,  'PO20260317001', 4, '2026-03-17 09:00:00'),
(19, 13, 'B260310A', 'PURCHASE_IN',  25, 0,  25,  'PO20260310001', 4, '2026-03-10 09:00:00'),
(10, 15, 'B260303A', 'PURCHASE_IN',  25, 0,  25,  'PO20260320001', 4, '2026-03-20 09:00:00'),
(9, 15, 'B260303A', 'SALES_OUT',   -10, 25,  15,  'SO20260310001', 6, '2026-03-10 14:00:00'),
(17, 14, 'B260307A', 'PURCHASE_IN',  30, 0,  30,  'PO20260307001', 5, '2026-03-07 10:00:00'),
(1, 13, 'B260301A', 'SALES_OUT',   -18, 55,  37,  'SO20260305001', 6, '2026-03-05 14:00:00'),
(1, 13, 'B260301A', 'PURCHASE_IN',  35, 37,  72,  'PO20260322001', 4, '2026-03-22 09:00:00'),
(27, 14, 'B260312A', 'PURCHASE_IN',  100, 0, 100,  'PO20260312001', 5, '2026-03-12 09:00:00'),
(31, 14, 'B260314A', 'PURCHASE_IN',  50, 0,  50,  'PO20260314001', 5, '2026-03-14 09:00:00');

-- =====================================================
-- 15. 操作日志
-- =====================================================
INSERT INTO `sys_operation_log` (`operator_id`, `operator`, `module`, `action`, `target_type`, `detail`, `create_time`) VALUES
(1, 'admin', 'auth',     'login',   'sys_user',   '管理员登录',                     '2026-05-24 08:00:00'),
(4, 'buyer1', 'purchase', 'create',  'purchase_order', '新增采购单PO20260521001',    '2026-05-21 09:00:00'),
(4, 'buyer1', 'purchase', 'submit',  'purchase_order', '提交审批PO20260521001',      '2026-05-21 09:05:00'),
(1, 'admin',  'purchase', 'approve', 'purchase_order', '审核通过PO20260521001',      '2026-05-21 09:30:00'),
(6, 'seller1', 'sales',   'create',  'sales_order',    '新增销售单SO20260521001',    '2026-05-21 10:00:00'),
(6, 'seller1', 'sales',   'submit',  'sales_order',    '提交审批SO20260521001',      '2026-05-21 10:05:00'),
(1, 'admin',  'sales',    'approve', 'sales_order',    '审核通过SO20260521001',      '2026-05-21 10:30:00'),
(8, 'keeper1', 'transfer', 'create', 'inventory_transfer', '新增调拨单DB20260521001','2026-05-21 11:00:00'),
(8, 'keeper1', 'transfer', 'submit', 'inventory_transfer', '提交审批DB20260521001',  '2026-05-21 11:05:00'),
(1, 'admin',  'transfer',  'approve','inventory_transfer', '审核通过DB20260501001',  '2026-05-21 11:30:00'),
(2, 'manager1', 'stocktake', 'approve','stock_take',     '审核通过盘点单CK20260430001', '2026-04-30 16:00:00'),
(3, 'manager2', 'stocktake', 'approve','stock_take',     '审核通过盘点单CK20260501001', '2026-05-01 16:00:00'),
(1, 'admin',  'product', 'update',  'product',     '修改商品[ThinkPad]价格',        '2026-05-20 14:00:00'),
(4, 'buyer1', 'purchase', 'create', 'purchase_order', '新增采购单PO20260523002(草稿)', '2026-05-23 14:30:00'),
(6, 'seller1', 'sales',  'create',  'sales_order',    '新增销售单SO20260523002(草稿)',  '2026-05-23 15:00:00'),
(2, 'manager1', 'inventory', 'query','inventory',     '查询库存预警列表',             '2026-05-24 09:00:00');

-- =====================================================
-- 完成
-- =====================================================
SELECT '========================================' AS '';
SELECT '  大规模测试数据导入完成！' AS '提示';
SELECT '========================================' AS '';
SELECT '' AS '';
SELECT '测试账号（密码均为 123456）：' AS '账号信息';
SELECT '  admin    - 超级管理员' AS '';
SELECT '  manager1 - 仓库经理(管理员)' AS '';
SELECT '  manager2 - 运营经理(管理员)' AS '';
SELECT '  buyer1/2 - 采购员' AS '';
SELECT '  seller1/2 - 销售员' AS '';
SELECT '  keeper1/2 - 仓管员' AS '';
SELECT '' AS '';
SELECT '数据概览：' AS '统计';
SELECT '  用户: 9 | 分类: 15 | 商品: 40 | 仓库: 6' AS '';
SELECT '  供应商: 10 | 客户: 15 | 库位: 9' AS '';
SELECT '  入库单: 80（已确认70 + 待审批5 + 草稿3 + 已取消2）' AS '';
SELECT '  出库单: 80（已确认70 + 待审批5 + 草稿3 + 已取消2）' AS '';
SELECT '  调拨单: 15（已完成10 + 待审批3 + 草稿2）' AS '';
SELECT '  盘点单: 5（已调整2 + 已审核2 + 盘点中1）' AS '';
SELECT '  库存记录: 120+ 条，横跨 3 个仓库' AS '';
SELECT '' AS '';
SELECT '审批流测试：用 buyer1/seller1/keeper1 创建并提交，切 admin 或 manager1 审核' AS '测试指引';
